{"type":"FeatureCollection","crs":{"type":"name","properties":{"name":"EPSG:4326"}},"features":[{"type":"Feature","id":1,"geometry":{"type":"Polygon","coordinates":[[[0.0528180549698242,51.5615895070196],[0.0528441845341624,51.561588600152],[0.0529011221333036,51.5615903016188],[0.0529246073290844,51.5615914185073],[0.0529580021312523,51.5615933511757],[0.0529760903564236,51.5615934842718],[0.0529940589260279,51.561593619459],[0.0530130931417039,51.5615936460673],[0.0530310050650868,51.561592523259],[0.0530516243575708,51.561588116587],[0.0530711133010295,51.5615823816842],[0.0530879249815109,51.5615753447242],[0.0530950752789363,51.5615729723067],[0.053110872215758,51.561564515166],[0.0531258008673385,51.561555262975],[0.0531379598422035,51.5615452517084],[0.0531405920173286,51.5615429574615],[0.0531577053232013,51.5615214414264],[0.053171097387721,51.5614991811713],[0.0531871404395043,51.561475076873],[0.053204116118629,51.5614505057145],[0.0532125457347482,51.5614395705113],[0.053237562728273,51.5614139602369],[0.0532635514008216,51.5613887825868],[0.0532893354107958,51.5613617200415],[0.0533142714266009,51.5613343135232],[0.0533536140664436,51.5612860669029],[0.0533892044842179,51.5612363571832],[0.0534181512769305,51.5611976431357],[0.0534451964847669,51.5611589614669],[0.0534561538408017,51.5611407896223],[0.0534661408865738,51.5611221842256],[0.0534751779387535,51.561103596356],[0.0534905359765251,51.5610827404883],[0.0535155502932369,51.561059737193],[0.0535444297150451,51.5610380151437],[0.0535591832775015,51.5610275078818],[0.0535889956088351,51.5610080167727],[0.0536206357109586,51.56098948286],[0.0536523405035722,51.5609723857427],[0.0536849149509172,51.560956082738],[0.0537184743827166,51.5609405718262],[0.0537486157952946,51.5609283572226],[0.0537788609453016,51.5609184780037],[0.0538081707684336,51.5609089739614],[0.0538385508658174,51.5609020590638],[0.0538931248273639,51.5608935524307],[0.0539487432911205,51.5608870949118],[0.05396849162985,51.560884500975],[0.0539882845340042,51.5608828963533],[0.0540080531083595,51.5608807516917],[0.0540267866919507,51.5608767375758],[0.0540437006086452,51.5608719468715],[0.0540578609486309,51.5608667538418],[0.0540694250447259,51.5608620568036],[0.0540807899642421,51.5608555647073],[0.0540851851236678,51.5608527908345],[0.0540929282652857,51.5608451031704],[0.0541006633485038,51.5608372366917],[0.0541066766564424,51.5608281404795],[0.0541098992237194,51.5608204429387],[0.0541296543026815,51.5605777225018],[0.0541299640548089,51.5605661200639],[0.054132191429424,51.5605548428589],[0.0541346388053486,51.5605484169724],[0.0541428642274029,51.5605329898175],[0.0541549359469228,51.5605183945867],[0.0541677197679527,51.5605037859866],[0.0541841869039901,51.5604891137896],[0.0541919987897797,51.5604829536782],[0.0542016838024874,51.5604761312771],[0.0542104578412372,51.5604702240987],[0.0543266263542499,51.5603872787917],[0.0543405598751769,51.560377055575],[0.0543554514974204,51.5603669954334],[0.0543693647627667,51.560356322932],[0.0543806898703851,51.5603463252424],[0.0543987391816886,51.5603271298479],[0.0544055599132349,51.5603174808171],[0.054413238174213,51.5603083563323],[0.0544182626660555,51.5603010759649],[0.0544234270924248,51.560294243682],[0.0544247246183047,51.5602834323913],[0.0544260261923349,51.5602727109569],[0.0544273385108488,51.5602622600152],[0.0544296320203988,51.5602524204821],[0.0544300518096855,51.5602406362621],[0.0544303776402469,51.5602293923515],[0.0544291006073823,51.5602195254186],[0.0544267782083621,51.5602102163555],[0.0544237139236496,51.5602002916928],[0.0544187157554991,51.5601896805791],[0.0544126123330218,51.5601756724851],[0.0544048737035631,51.560162323416],[0.0543971018087871,51.5601508616019],[0.0543902961585308,51.5601397434749],[0.0543811608306864,51.5601165286667],[0.054374440169241,51.5601072966228],[0.0543676709682788,51.560096987201],[0.0543608019983133,51.5600844313453],[0.0543539194450196,51.5600716059454],[0.0543450302252683,51.5600564784758],[0.0543313744087721,51.5600332528953],[0.0543283405555389,51.5600055266028],[0.0543237657910821,51.5599647015154],[0.0543221043086233,51.5599463009243],[0.0543286437907286,51.55991193403],[0.0543376600242947,51.5598928968236],[0.0543500154421972,51.5598661591276],[0.0543538843486521,51.5598517075182],[0.0543727453486089,51.5598109216746],[0.0543916421122804,51.5597683366572],[0.0544130500750516,51.5597233704525],[0.0544168420678455,51.5597072124698],[0.0544293830438979,51.559666087656],[0.0544419994405853,51.559626669238],[0.054456058177192,51.5596192306605],[0.0544700327642988,51.5596072989921],[0.0544839281405831,51.5595962670823],[0.0544944204591311,51.5595888918559],[0.0544953354562047,51.559588066487],[0.054497074141221,51.5595870468388],[0.0544978249922749,51.5595852360443],[0.054503151198235,51.5595819962153],[0.0545049167825654,51.5595816055865],[0.054505823681802,51.5595806005048],[0.0545083982408529,51.5595796570447],[0.0545101450227795,51.5595788171089],[0.0545120221596181,51.559578244672],[0.0545137851365183,51.5595777641615],[0.0545164981072998,51.5595772670141],[0.0545263627632662,51.5595770942573],[0.0545281662279968,51.5595775123098],[0.0545317326694509,51.5595774498515],[0.0545336543428924,51.5595778658337],[0.0545390025635324,51.5595777721713],[0.0545408100772134,51.5595782800799],[0.0545444947273499,51.5595782155511],[0.0545551668754814,51.559577489087],[0.054565942477943,51.5595764011012],[0.0545686771340157,51.5595763532089],[0.0545875949042234,51.5595764715346],[0.0546182816420614,51.5595763837417],[0.0546489912322185,51.5595768351039],[0.0546706598142145,51.5595772640487],[0.0546923122404986,51.5595773344628],[0.0546958772400067,51.5595772720248],[0.0547119863439845,51.5595757318039],[0.0547272338353299,51.5595735762817],[0.0547487648231622,51.5595709518948],[0.0547694275799722,51.559567533366],[0.0547889559010074,51.5595626958675],[0.0548095281641432,51.559557301417],[0.054835313882986,51.5595487590211],[0.0548609582127164,51.5595397685607],[0.0548902481648163,51.5595298158658],[0.0549196320556382,51.5595193228541],[0.0549765986826956,51.5595032208318],[0.0550069317213468,51.5594953181628],[0.0550381248407411,51.5594880290112],[0.0550880792162557,51.559477354576],[0.0551525707189613,51.5594672348032],[0.0551919662977203,51.5594598019194],[0.0552312786649763,51.5594531798253],[0.0552635243659001,51.5594481194554],[0.0552967200906308,51.5594430433322],[0.0553280157861651,51.5594379995881],[0.0553575728148814,51.5594339754962],[0.0553996385912245,51.5594277547427],[0.0554399104319502,51.5594212956233],[0.0554703283560924,51.5594152789203],[0.0554997840896529,51.5594090083872],[0.0555211934709722,51.5594036890729],[0.0555417291165696,51.5593974857916],[0.0555648406837025,51.5593903381005],[0.0555887192515839,51.5593817390295],[0.0556055311792657,51.5593747017112],[0.0556205841958747,51.5593682347734],[0.0556367060753927,51.5593643560949],[0.0556587649462566,51.5593549795499],[0.0556851358650289,51.5593383350643],[0.055717439695687,51.5593161028501],[0.0557497718126322,51.5592944987227],[0.0558170377801299,51.5592456729596],[0.0558328153191471,51.5592341582742],[0.0558494246688888,51.5592226299093],[0.0558854769800384,51.5592043768873],[0.0559254374239029,51.5591883934734],[0.0559536580344832,51.5591758522658],[0.0559819684758796,51.5591626799867],[0.0560216080990125,51.5591422067017],[0.0560594037497911,51.5591204177116],[0.0560954566822557,51.5590995585246],[0.0561305378578262,51.5590782658227],[0.056148905963756,51.5590661670284],[0.0561672983311076,51.55905460647],[0.0562014099773497,51.5590302750133],[0.0562327438371354,51.5590050030345],[0.0562499984213818,51.5589893275525],[0.0562664252726321,51.5589737565033],[0.0562837832736214,51.5589577194949],[0.0562983701776824,51.5589409217103],[0.0563111286106229,51.5589257746628],[0.0563195536723413,51.5589121415051],[0.0563279584679958,51.558898059066],[0.0563328388795413,51.5588849385733],[0.0563364429975368,51.5588672541636],[0.0563366273449916,51.5588502600856],[0.0563340541748154,51.5588327738291],[0.0563328368334975,51.558826861737],[0.056330490551537,51.5588144065095],[0.0563263570301725,51.5588018926811],[0.0563195323096768,51.5587903253008],[0.0563146256299833,51.5587817809433],[0.0562929601487935,51.5587629215597],[0.0562696404199683,51.5587443609498],[0.0562584032459966,51.5587352081258],[0.0562481134412733,51.558725948768],[0.0562377039928683,51.5587166915063],[0.0562349067396832,51.558712694687],[0.0562290718107881,51.5587046162335],[0.0562251003250785,51.5586956948703],[0.0562229323255626,51.5586871924347],[0.0562217028469222,51.5586810107707],[0.056224696608614,51.5586682820891],[0.0562304290191583,51.5586555953344],[0.0562313237474159,51.5586543215637],[0.0562405967660504,51.5586410331853],[0.056250869818332,51.5586288064109],[0.056261215761186,51.5586181961575],[0.0562743596861363,51.5586089757049],[0.0562813715857207,51.5586035479681],[0.0562962169459465,51.5585951070405],[0.0563121952724953,51.5585880841966],[0.0563246119934006,51.5585838207102],[0.0563424357157796,51.5585781144319],[0.0563620025281887,51.5585741752525],[0.0563701643850045,51.5585731338113],[0.0563889601702693,51.5585705561585],[0.0564068627541797,51.5585692540465],[0.0564249578454759,51.5585695654574],[0.0564575795822311,51.558572859625],[0.0564876004207629,51.5585791660902],[0.0565194261514797,51.558585890547],[0.0565504308005367,51.5585928982723],[0.0565677325396443,51.5585967307484],[0.056585050492182,51.5586009226485],[0.0566033345906036,51.5586054564206],[0.0566161767017496,51.5586106251565],[0.056626268049928,51.5586154833018],[0.0566364749545021,51.5586202485935],[0.0566438452703027,51.5586254233224],[0.0566504122307502,51.5586312425273],[0.0566574572205205,51.5586476603228],[0.0566601487034388,51.5586651445423],[0.0566622762538661,51.5586727484004],[0.0566643876342828,51.5586799937305],[0.0566682767048113,51.5586871179683],[0.0566693658762361,51.5586901555163],[0.0566824146734836,51.5586999060338],[0.0566981074720084,51.5587076317882],[0.0566999352383619,51.5587085889499],[0.0567164435995575,51.5587159406931],[0.0567330108599701,51.5587219433853],[0.0567521470946488,51.5587269127314],[0.0567594628494514,51.5587282224176],[0.0567694488595812,51.5587307442767],[0.0567812972140721,51.5587323351069],[0.0567902481366168,51.5587329866297],[0.0568144550203472,51.5587290559523],[0.0568375417732166,51.5587213697444],[0.0568730275659213,51.5587090605872],[0.0569066505313272,51.5586949855269],[0.0569261384173179,51.5586866420801],[0.0569446520427189,51.5586777770453],[0.0569596600557816,51.558670321489],[0.056973755268738,51.5586610842811],[0.0569859247672792,51.5586513412703],[0.0569910500132751,51.5586463071823],[0.0570022094253051,51.5586326259618],[0.0570114092942598,51.5586177210104],[0.0570146717250529,51.5586109210302],[0.0570219810979152,51.558591014175],[0.0570264133862703,51.5585706190991],[0.0570312499811567,51.5585380793952],[0.0570342912329732,51.5585053013875],[0.0570337432919813,51.5584720476457],[0.0570303573351185,51.5584392033759],[0.0570279920624275,51.5584262988594],[0.0570212647259198,51.5583958494974],[0.0570126577717966,51.5583658836291],[0.0570052641881681,51.5583417399858],[0.0569978867857375,51.5583179548695],[0.0569906958475021,51.5582983031567],[0.0569852920961516,51.5582787091361],[0.0569828362702193,51.5582638286959],[0.0569814608221787,51.5582544131032],[0.0569829407645146,51.5582450373733],[0.0569861003987896,51.5582359910042],[0.0569902494004974,51.5582277375363],[0.0569936319282548,51.5582236323823],[0.0570146353622186,51.558209329822],[0.0570393064084155,51.5581972102437],[0.0570595373781473,51.5581842692361],[0.0570777873388353,51.558169564407],[0.0570855660195016,51.5581626852362],[0.0570985272796866,51.5581494220527],[0.0571096033801041,51.5581365516338],[0.0571147671715331,51.5581297192111],[0.0571222216309792,51.5581156533072],[0.0571279334616513,51.558102517236],[0.0571351838700875,51.5580839603238],[0.0571434059438975,51.5580658360118],[0.0571517955725435,51.5580513939975],[0.0571619385773999,51.5580362926431],[0.0571636392606573,51.5580344651675],[0.0571722477373473,51.55802487451],[0.057179943864048,51.5580161982275],[0.0571903989093852,51.5580080140321],[0.0571999971872013,51.5580019122967],[0.0572088270855678,51.5579972619779],[0.0572186084238358,51.557992595874],[0.0572238996982154,51.5579912441021],[0.0572426520861155,51.5579876787735],[0.0572615124437226,51.5579865386966],[0.0572994839697201,51.5579871318211],[0.0573366742833338,51.5579915137968],[0.0573711274741527,51.557995854732],[0.057404625175273,51.5580001215864],[0.0574326978644652,51.558002775844],[0.0574607543396332,51.5580050706685],[0.0574851553496341,51.5580054520849],[0.0575031022368119,51.5580051373382],[0.0575202011508369,51.5580044777497],[0.0575363994244933,51.5580023060832],[0.0575516138599102,51.5579994322478],[0.0575675763460805,51.55799465681],[0.0575791555385705,51.5579903179567],[0.0576027938672683,51.5579764187226],[0.0576237361808716,51.5579607682154],[0.0576394115111448,51.5579470077359],[0.0576549266400784,51.5579323507875],[0.0576643248017032,51.5579218478684],[0.0576746945911021,51.5579117766461],[0.0576790501492557,51.5579081040458],[0.0576983349099504,51.5578952694567],[0.0577204459874462,51.5578844527292],[0.0577266440709319,51.5578820967251],[0.0577452017837543,51.5578742191036],[0.0577637960242913,51.5578671510868],[0.0577806800149785,51.5578617299644],[0.0578056573239031,51.5578564375632],[0.0578316833035034,51.5578532841271],[0.0578567795576072,51.5578505957323],[0.0578802757840318,51.55784937514],[0.0578928907772126,51.5578495126722],[0.0579145626547787,51.5578500318002],[0.0579353601425493,51.5578522739882],[0.0579444372629852,51.5578531039669],[0.057975327514426,51.5578602041549],[0.0580046312802333,51.5578690398908],[0.0580283483530792,51.5578753657202],[0.0580530183127391,51.557881675728],[0.0580748969934348,51.5578867766089],[0.0580966864175788,51.557889899744],[0.0581111683381035,51.5578918938814],[0.0581346679589964,51.557893369209],[0.0581571310555209,51.5578929751348],[0.058170660998973,51.5578922881362],[0.058194944376939,51.5578900644671],[0.0582191506936573,51.5578861335198],[0.0582316643842178,51.5578840264001],[0.0582441455868653,51.5578811995286],[0.0582548315102964,51.5578781352688],[0.0582679863666882,51.5578717911967],[0.0582794478822537,51.5578648473382],[0.0582855608014995,51.5578606052182],[0.0582933230260594,51.5578533665495],[0.0583002398870041,51.5578458729289],[0.0583044980880834,51.5578400446504],[0.0583076574778977,51.5578309991541],[0.0583099865564211,51.5578219682251],[0.0583154289642575,51.5578029034037],[0.0583190992155157,51.5577840495292],[0.0583205145129248,51.5577548063083],[0.0583200649636492,51.557726405154],[0.058319010755431,51.5577030496569],[0.0583207139390846,51.5576801844489],[0.0583241165718887,51.5576554018435],[0.058329299459626,51.557630588004],[0.0583345648612915,51.5576075703702],[0.0583425850691554,51.5575849540421],[0.058349164740653,51.5575726120409],[0.0583591288297234,51.5575535578133],[0.0583718503335987,51.5575349947721],[0.0583803921298313,51.5575239663593],[0.0583967163940668,51.5575061494539],[0.0584166459955579,51.5574891676666],[0.0584445709349544,51.5574674610827],[0.0584935450490944,51.5574351361133],[0.0585119808043053,51.5574245635858],[0.0585163956522936,51.5574222388306],[0.0585420928574241,51.5574118086707],[0.0585678346705064,51.5574023669267],[0.0585811805260999,51.5573976372692],[0.0585943879348198,51.5573924613007],[0.0586077190412078,51.5573873730878],[0.0586182101584317,51.5573799965883],[0.0586259870360345,51.557373117353],[0.058635520694242,51.5573629707952],[0.0586421894589668,51.5573526047246],[0.0586455900497026,51.5573462519178],[0.058649554735619,51.5573339557873],[0.0586516059185673,51.5573214234504],[0.0586597232810378,51.557300963662],[0.058667863493568,51.5572810421387],[0.0586726031187075,51.5572674734224],[0.0586782941668266,51.5572538889101],[0.0586791238966665,51.5572511774207],[0.0586876047203619,51.5572388011428],[0.058696945716767,51.5572270401632],[0.0587159825404566,51.5572087259797],[0.0587397397311549,51.5571948235437],[0.0587548281069694,51.557189164913],[0.0587680353962405,51.5571839880291],[0.0587823528759491,51.5571796918373],[0.058789419020033,51.557178128996],[0.0588145134462987,51.5571754413353],[0.0588632065025314,51.557173777482],[0.0588874523623458,51.5571733519888],[0.0589091036438275,51.557173421662],[0.0589299029006171,51.5571730566458],[0.0589406981135302,51.5571724175557],[0.0589603263980957,51.5571698257929],[0.0589800079689201,51.5571657942496],[0.0589987030805009,51.557160970667],[0.0590165650479227,51.5571561626027],[0.0590227467380997,51.5571534471102],[0.0590395573285112,51.5571464093039],[0.0590545442198964,51.5571385042261],[0.0590658264161364,51.5571302154278],[0.0590798355373797,51.5571190910124],[0.0590918906253022,51.5571068327308],[0.0590995877223631,51.5570981572131],[0.0591082144698614,51.5570890157405],[0.0591141689747419,51.5570812691832],[0.0591189652525628,51.5570689584437],[0.0591203230495638,51.5570568879087],[0.0591239833652501,51.5570378543334],[0.0591249146802703,51.5570189585827],[0.0591249757217012,51.5570018757596],[0.059123783224836,51.5569754660618],[0.0591225458757767,51.5569664977143],[0.0591238949758256,51.5569568544782],[0.0591245888021602,51.5569537856609],[0.059128719600018,51.556945171835],[0.0591355808714492,51.5569364210574],[0.0591372611498045,51.5569341442752],[0.0591425096337173,51.5569291969653],[0.0591476141697587,51.5569237135152],[0.0591546822808659,51.5569195436166],[0.0591564289176695,51.5569187045113],[0.0591679300627787,51.5569152661545],[0.0591805616066152,51.5569131559712],[0.0591993580321589,51.5569105787711],[0.0592191692715439,51.5569094216986],[0.0592245171673094,51.5569093278326],[0.0592452630210233,51.5569104025419],[0.0592652121773323,51.5569122996807],[0.0592706959467386,51.5569125631382],[0.0592961512098346,51.5569178699041],[0.0593216971901388,51.5569251534796],[0.0593472538696324,51.5569327057451],[0.0593729748364979,51.5569412443249],[0.0593930086621266,51.5569476354367],[0.0594141120732742,51.55695400777],[0.0594213485529385,51.556956217962],[0.0594413788947484,51.5569599121974],[0.0594613727176406,51.5569627977219],[0.0594722246851586,51.5569634165743],[0.0594866468988783,51.5569640617811],[0.0595020028583639,51.5569643317836],[0.0595163384920139,51.5569630918254],[0.0595190729847809,51.5569630438228],[0.0595360294819753,51.5569592398811],[0.0595519899579256,51.5569544642183],[0.0595556094966445,51.5569529627356],[0.0595759035526225,51.5569440651514],[0.0595935233609384,51.5569338664958],[0.0596057364965731,51.5569251116672],[0.059624004041268,51.5569108566924],[0.059638666169331,51.5568957648346],[0.059649852282685,51.5568853203065],[0.0596601605329061,51.5568739010859],[0.0596627475174723,51.5568706191752],[0.0596695504172707,51.5568606104067],[0.0596744129012619,51.5568497373267],[0.0596760282153653,51.5568460228361],[0.0596781541019744,51.556832499971],[0.0596775455034792,51.5568190251119],[0.0596778097701849,51.5568038272038],[0.0596779532188217,51.556788541489],[0.0596774014388996,51.5567763246188],[0.0596793473926067,51.5567588498964],[0.0596842428387713,51.5567460877577],[0.0596917800456376,51.5567339078343],[0.0597027551105003,51.5567187916708],[0.0597166286649041,51.5567047037516],[0.0597339678517602,51.5566909137986],[0.0597505535856055,51.5566789356231],[0.0598523753091362,51.5566158344225],[0.0599519816014535,51.5565458503096],[0.0600105477525817,51.5565047259717],[0.0601257662318917,51.5564222401369],[0.0601512596324729,51.5564073186379],[0.0601907027694183,51.5564220890719],[0.0602988823312336,51.5564628924011],[0.0603759897820867,51.5564925543189],[0.0604098240305884,51.5565016696107],[0.0605187537049239,51.5564984984599],[0.0605468485560837,51.5565016911625],[0.0606144730616072,51.5565031104487],[0.0606335092007721,51.5565032257408],[0.0606614390729466,51.5565027351822],[0.0607180939981673,51.5565009307299],[0.0608161636477123,51.5564969608508],[0.0608281683954949,51.5565020539101],[0.0609067589237101,51.5565250365788],[0.0610838630496596,51.5565749673762],[0.0613713515183701,51.5566512775628],[0.0614242395129646,51.5566634741238],[0.0616932366623128,51.556730668709],[0.0620487216951461,51.5568165708775],[0.0620963175745861,51.5568301182281],[0.0621647834699567,51.5568501323198],[0.0622013198900033,51.5568610871646],[0.0622050611920822,51.5568622803876],[0.0622944950067343,51.556888307994],[0.0623859986377731,51.556915378275],[0.0631075966172679,51.5571221411562],[0.0632967363557085,51.5571777003549],[0.0635378916087185,51.5572471787895],[0.0636237908410733,51.5572712891172],[0.06365490685462,51.5572807210434],[0.0637109459784237,51.5572048473253],[0.0642648488866161,51.5568336978202],[0.0641384704033791,51.5567903416474],[0.0643715234619121,51.5565994249774],[0.0644142746040397,51.5565690056726],[0.0645475820022541,51.5564658800402],[0.0647027694939889,51.5563495131878],[0.0647306323706632,51.5563265472803],[0.0647324520678453,51.5563273246028],[0.064851515658141,51.5563693709526],[0.0649385588241462,51.5564003828174],[0.0649664800140574,51.5563786748131],[0.0649699323044592,51.556376096982],[0.0649752478203779,51.5563726770099],[0.0650040616877298,51.5563523012973],[0.0650372818025556,51.5563294208817],[0.0651062475295619,51.5562790310031],[0.0651796315449051,51.5562264050082],[0.0653304822875694,51.5561141592978],[0.0653531472360083,51.5560972181267],[0.0653670526434678,51.5560864554054],[0.0655018330822216,51.5559765598429],[0.0655374927460864,51.5559471633137],[0.0655938265826624,51.5558962761123],[0.0656910387574093,51.5558130236446],[0.0657783851648186,51.5557325518224],[0.0658285129650292,51.5556838412274],[0.0658778291430823,51.5556382024362],[0.0659269484040443,51.5555882505784],[0.0659804222729985,51.5555346267168],[0.0660302485055965,51.5554792685232],[0.0660618014125894,51.5554405953162],[0.0660662360003261,51.5554387186695],[0.0660875951655674,51.5554113723804],[0.0660909455560884,51.5554065481225],[0.0659752648828447,51.5553603986821],[0.0659908349259176,51.5553469986819],[0.0660020748831471,51.5553352028022],[0.0660226876265438,51.5553123651402],[0.0660484622326043,51.5552852999086],[0.0660759535091536,51.5552541595047],[0.0661129517096544,51.5552149398505],[0.0662778517613821,51.5550348390481],[0.0663061377934002,51.5550028752493],[0.0663302920500069,51.5549768286],[0.0663405778676555,51.5549649595683],[0.0663482936026647,51.5549567328997],[0.0663525653687641,51.5549512638138],[0.0663665230832266,51.5549416682168],[0.0663963870913696,51.5549235209252],[0.0664191447038001,51.5549086462582],[0.0664366262922912,51.5548980893093],[0.0664507021688576,51.5548884916213],[0.0664610652910412,51.5548783298384],[0.0665474818624507,51.5547958064294],[0.0665603009107296,51.5547820951078],[0.0665833422000462,51.5547524718188],[0.0665935465124936,51.5547388065536],[0.0666070752765943,51.5547197788081],[0.0666196868344464,51.5546988787433],[0.0666281462322209,51.5546860544592],[0.0666347680348477,51.5546746995851],[0.0666379434753138,51.5546634063208],[0.0666420157104243,51.5546535351974],[0.0666492983845138,51.5546357856348],[0.066655072238987,51.5546240868868],[0.0666602070007568,51.5545982843945],[0.0666774266436652,51.5546003191624],[0.0666927900655743,51.5545613905317],[0.0666996711675732,51.5545347479272],[0.0667151540371682,51.5544774773988],[0.0667241533718868,51.5544372229383],[0.066669647851325,51.5544286535216],[0.0666704974228835,51.55442639127],[0.066835783346729,51.5537772666542],[0.0668751067893125,51.5535899376685],[0.0669132574204778,51.5533793453312],[0.066923734185551,51.5533297150747],[0.0669287884526358,51.5532837756479],[0.0677845567540516,51.5532659088087],[0.0677970778975052,51.5531853164341],[0.067969207363822,51.5519110727414],[0.0679927194821105,51.5517528816163],[0.0680327818296516,51.5515242742853],[0.068135026333517,51.5509149162982],[0.0682579279801482,51.5502051332666],[0.0682635000574962,51.5501496548193],[0.0682829834652566,51.5500023217116],[0.0683067377588792,51.5498521264463],[0.0683391487401317,51.5496725601312],[0.0685793111472696,51.5481683099212],[0.0686302375808971,51.5480797576161],[0.0687111907907294,51.5474785037711],[0.0687120401385904,51.5474762414998],[0.0687119382685306,51.5474739951009],[0.0687126679985726,51.5474717349386],[0.0687125661692461,51.5474694894382],[0.0687133937016902,51.5474667779125],[0.0687131900022685,51.5474622860132],[0.0687121384373241,51.5474600572584],[0.0687120366080662,51.547457811758],[0.0687111031790265,51.547455580021],[0.0686949740119657,51.5473385427937],[0.0686830871711519,51.5472573910945],[0.0686469817024401,51.5471771151388],[0.0686892507026496,51.5468556891065],[0.0687122966968207,51.5466296287054],[0.0687256833747954,51.5464868984544],[0.0687284692310339,51.5464276930184],[0.0687300773460537,51.5464054596878],[0.0687320368781723,51.5463070719825],[0.0687314896583784,51.5461166684651],[0.0687288587716668,51.5460402986858],[0.0687201878894325,51.5458884267843],[0.0687082709152746,51.5457436246838],[0.068696826535311,51.5456512277814],[0.0686956242993488,51.5456456752517],[0.0686675983368663,51.5454629486268],[0.0686340005461485,51.5452805900082],[0.0685879280965598,51.545077504416],[0.068512579871218,51.5448083172787],[0.0684531651761494,51.5446309092169],[0.0683986072106385,51.5444819145337],[0.0683612088259839,51.5443914130529],[0.0683611314263366,51.5443897057882],[0.0683055407842269,51.544257271485],[0.0682974791090285,51.5442394325208],[0.0682494609390753,51.5441350040243],[0.0681760444101861,51.5439870601663],[0.0680863525687671,51.5438158492192],[0.0680803627996689,51.5438043576974],[0.068073474931407,51.5437914431591],[0.068065566766061,51.5437770187295],[0.0680626839439652,51.5437711361011],[0.068058655909444,51.5437635650283],[0.0680026768698042,51.5436618837403],[0.0679949942110465,51.543649792556],[0.0679131929987358,51.543516201298],[0.0677833441300405,51.5433168390765],[0.0672968025031975,51.542603858168],[0.0671673305586793,51.5423943294053],[0.0671614919464698,51.5423835545912],[0.0670858706221418,51.542247155985],[0.0670524379759748,51.5421837351913],[0.0669419049868813,51.5419722545652],[0.0668918738937235,51.5418626459101],[0.0668493515264974,51.5417612655681],[0.066796788605203,51.5416141223711],[0.0667572744455573,51.5414794264484],[0.066750825671512,51.5414551758556],[0.0667489250057514,51.5414552093346],[0.0667386807749182,51.5414075624896],[0.0667342816216112,51.5413892092405],[0.0667315688158508,51.5413686698148],[0.066707942823624,51.5412460995766],[0.0667080150117175,51.5412266792594],[0.0666997974884491,51.5411843905908],[0.0666992766626758,51.5411728916823],[0.0666975444385515,51.541155661419],[0.0666964729503129,51.5411503763404],[0.066693326215459,51.5411018841517],[0.0666825779749203,51.5410037201464],[0.0666794217294733,51.5409550491672],[0.0666778475833834,51.5408809078986],[0.0666758173160333,51.54083608219],[0.0666764037741114,51.540807033218],[0.0666800535800298,51.5407301029942],[0.0666840629734654,51.5406584694885],[0.0666913199756234,51.5405614271825],[0.0666972595143306,51.5405114269242],[0.0667023698874765,51.5404667452224],[0.0667154896647777,51.5403967498014],[0.0667236819856459,51.5403597458197],[0.0667298121378486,51.5403559516939],[0.0667316602475162,51.5403153733118],[0.0667398851013786,51.5402790881793],[0.0667782946293781,51.5401531779048],[0.0667973134745266,51.5400953051692],[0.0668310793189159,51.5400033696296],[0.066837418332545,51.5399858173331],[0.0668577095116465,51.5399350246859],[0.0668878663998766,51.539865807359],[0.0668579853099671,51.5398623786967],[0.0668786141079143,51.5398190414226],[0.0669016600029422,51.5397713468206],[0.0669316079143976,51.5397158894464],[0.0669598911539652,51.5396656754141],[0.0669934974873702,51.5396096131076],[0.0670228821702729,51.5395627060918],[0.067078345488439,51.5394747038731],[0.0671341723421409,51.5393920891029],[0.0671807638850674,51.5393260893414],[0.0672503163271808,51.5392315447502],[0.0673532829036954,51.5390976640967],[0.0677594640887298,51.5385917290166],[0.0677654229526016,51.5385841617761],[0.0686304822532406,51.5375078868782],[0.0688420650806645,51.5372445188183],[0.0688558540614489,51.5372313296433],[0.0688680032325254,51.5372213159629],[0.0688837156862576,51.5372086324367],[0.0688906196226631,51.537203566457],[0.0688966962178491,51.537198604094],[0.0689064312321397,51.5371930385528],[0.0688990793055129,51.5371908309598],[0.0682735082131879,51.5369899598519],[0.0682898279218676,51.5369512836925],[0.0682962149005048,51.5369322016839],[0.0683024389686206,51.5369121342376],[0.0683123155710417,51.5368703351427],[0.0683150360242493,51.5368516774785],[0.0683177090468339,51.5368319415138],[0.0683188319235032,51.53681475086],[0.0683199066301874,51.5367807481093],[0.0683183799103143,51.5367470619],[0.0683175901009962,51.5367296351789],[0.0683150505134782,51.5367129578279],[0.0683115695603288,51.5366964769274],[0.0683082393378797,51.5366807127939],[0.068303603898631,51.5366597576409],[0.0682504857780927,51.5364819683055],[0.0682463811532122,51.5364700838273],[0.068236914143883,51.5364395933373],[0.0682319237344702,51.5364291633212],[0.0682269658644185,51.5364194512564],[0.0682219225209416,51.5364078531084],[0.0682170094088548,51.5363991285633],[0.0682102204147325,51.5363883705382],[0.068200726636685,51.5363782887871],[0.0681875245796531,51.5363650358908],[0.0681780796768904,51.5363560324128],[0.0681640910684631,51.5363437825868],[0.068110926159697,51.5363039939875],[0.0681034508557333,51.5362990915775],[0.0680728244007769,51.5362791332051],[0.0680477862617165,51.5362644711097],[0.0679555298093751,51.5361963327883],[0.0680750049887935,51.5360885021706],[0.068069890059045,51.5360963243398],[0.0680657015969155,51.5361035897114],[0.0680635601618553,51.5361140564117],[0.0680628697373573,51.5361198221774],[0.0680632564817143,51.5361283567265],[0.068063582107744,51.5361355425328],[0.0680666898747023,51.5361437593372],[0.0680716028886505,51.5361524829911],[0.0680773065398063,51.5361602934286],[0.0680857679043237,51.5361685957256],[0.0680950810476759,51.5361747247353],[0.0681071233615473,51.536180715711],[0.0681228468792337,51.5361892488131],[0.0681403364125813,51.5361973910722],[0.0681707429892968,51.5362124980877],[0.0681918134258384,51.5362209369312],[0.0682083562078312,51.5362265787825],[0.0682321014898042,51.5362337123755],[0.068253033531792,51.5362390969933],[0.0682802931178418,51.5362450894914],[0.0683058208103969,51.5362495846354],[0.068328423813222,51.5362525126262],[0.0683564837211174,51.53625516456],[0.0683799602964881,51.5362563685082],[0.0684061605718261,51.5362573454792],[0.0684313650646881,51.5362573498913],[0.0684574609341184,51.5362559914616],[0.0684925061845455,51.5362527666196],[0.0685748473562384,51.5362411557786],[0.0685972727174275,51.5362375239005],[0.0686626372353091,51.5362290891013],[0.0686761265839314,51.5362276822047],[0.0686904202565374,51.5362256325282],[0.0687154130079073,51.5362209661525],[0.0687350440491413,51.5362160354945],[0.0687395066364813,51.536214787747],[0.0687564532697746,51.5362109826533],[0.0687716083053059,51.5362069402616],[0.0688960456435238,51.5362479889223],[0.0689024438404673,51.5362501234045],[0.069078230095152,51.5363118428584],[0.069114689106827,51.5363214490133],[0.0691429772009508,51.5363291318065],[0.0691830104322464,51.536336246851],[0.0692237758524392,51.5363411915951],[0.0692905923537825,51.5363437892913],[0.0693320113886026,51.5363421595214],[0.0693732063771136,51.5363381964583],[0.0693787040264163,51.53633881892],[0.0693893964255178,51.536336023322],[0.0694293119661432,51.5363221934172],[0.0694426384137929,51.5363171939821],[0.0694576656669038,51.5363103659859],[0.0694751965970429,51.5363010666699],[0.0694910362856708,51.5362911676853],[0.0695049577806216,51.5362809428197],[0.0695161596914612,51.5362710357056],[0.0695273997315525,51.536259330256],[0.0695360042780692,51.5362498286655],[0.0695444269374757,51.5362362844194],[0.0696144364290033,51.5361126925215],[0.0696678613344387,51.5360192402476],[0.0697235313182676,51.5359333904304],[0.0697528497921409,51.5358851349356],[0.0698094092995366,51.5358005283762],[0.0698431424426249,51.5357500376044],[0.0700499697213266,51.5354607691246],[0.0700666282532713,51.5354322458986],[0.0702210299152737,51.5352191502459],[0.0707087042635372,51.5345271963247],[0.0713861666825493,51.5335091412708],[0.0715804305665057,51.5332028298527],[0.0716927123383709,51.5330154685207],[0.0717310170928596,51.5329452974751],[0.0717526000722341,51.532904820101],[0.0717558449021374,51.5328977502065],[0.0719366583736925,51.5329499368729],[0.071989131477994,51.5328357340077],[0.072028471491456,51.5327490922184],[0.0721214033041588,51.5325519129804],[0.0722056915190707,51.532326746893],[0.0722090109835892,51.5323186873558],[0.0722137197216079,51.532304578993],[0.072228639107512,51.5322561283752],[0.0722501796518027,51.5321938044984],[0.0722556883580856,51.5321763564604],[0.0722700006811303,51.5321328608092],[0.0722825825318734,51.5320931709052],[0.0723081968664435,51.5320027264625],[0.0723236019494268,51.5319440181356],[0.0723328819165081,51.5319101401498],[0.0723550243036763,51.5318244314846],[0.0723687899039681,51.5317688986949],[0.0723939715660305,51.5316689321794],[0.072406226928392,51.5316220564675],[0.0724086050241761,51.5316141925082],[0.0724249130849326,51.5315570860214],[0.0724316205078922,51.5315267606648],[0.072437947917649,51.5315064204521],[0.0724394241183672,51.5314996515611],[0.0724456510055635,51.531477065818],[0.0724628486589225,51.531418595587],[0.0724713693021374,51.5313889567248],[0.0724767840377274,51.5313694428839],[0.072478182710109,51.531360966726],[0.0724852938644323,51.5313395344268],[0.0724869249075188,51.5313335721536],[0.0725010070341827,51.5312876524709],[0.0725039390451508,51.5312736663052],[0.0725038656056871,51.5312720488949],[0.0725152609382318,51.5312245588621],[0.0725264768100554,51.5311731169557],[0.0725302317215551,51.5311563284787],[0.0725317078987489,51.5311495595865],[0.0725384192785512,51.5311193240795],[0.0725431290961495,51.531102608662],[0.0725541935197284,51.531068789958],[0.0725552528249516,51.5310345184943],[0.0725711468666228,51.5308085826947],[0.0725742250773612,51.5307559347086],[0.0725758684774183,51.5307528490183],[0.0725783756235522,51.5307478604769],[0.0725876054303471,51.5306945651516],[0.0726024876334696,51.5306243578962],[0.072619284183842,51.5305387435936],[0.072622790211547,51.5305164756862],[0.072633129831722,51.5304666670502],[0.0726439185185115,51.5304057920081],[0.0726527574765043,51.5303622131273],[0.0726592795890642,51.5303278451538],[0.0726645594865403,51.5303053660511],[0.0726683469261915,51.5302892964178],[0.0726696599340689,51.5302789350754],[0.0726718406738202,51.5302667589402],[0.0726740596153364,51.5302553923833],[0.0726773208705596,51.5302277349031],[0.0726787847593612,51.5302206964403],[0.0726817686404427,51.5301869305401],[0.0726855959598671,51.5301534186249],[0.0726888286414402,51.5301251321512],[0.0726921306823654,51.5300983732316],[0.0726955469238887,51.530074129385],[0.0726971282200496,51.5300513559067],[0.0727071947509316,51.5299745808142],[0.0727103825684384,51.5299453068205],[0.0727128112190435,51.5299202701665],[0.0727134928180841,51.5299143246616],[0.0727169335184046,51.5298906199507],[0.0727165582636768,51.5298823558821],[0.0727170264461605,51.5298743457984],[0.072716957123821,51.5298728191427],[0.0727187829808653,51.5298528282182],[0.0727201367286503,51.5298433645376],[0.0727199980431201,51.5298403103276],[0.0727231654037774,51.5298105861539],[0.0727264647675474,51.5297837373509],[0.0727281315313576,51.5297602429355],[0.0727308579785249,51.5297417648799],[0.0727322198815764,51.5297324809113],[0.0727340023273644,51.5297115024419],[0.072734849727911,51.5297092401651],[0.0727365207205793,51.5296884426218],[0.0727377192994658,51.5296729582899],[0.0727380406717084,51.5296617151822],[0.0727377755406664,51.5296558763305],[0.0727393947741699,51.5296313036154],[0.0727404670606492,51.529615641658],[0.0727411268111173,51.5296092468975],[0.0727409179208555,51.5295863260862],[0.0727435925977942,51.5295640728584],[0.0727437548411577,51.5295493253611],[0.0727455046353969,51.529527628042],[0.072748056058841,51.5294843400826],[0.0727467548468351,51.5294556840616],[0.0727473580300086,51.5294296913436],[0.072747520158977,51.5294123377282],[0.0727470510611151,51.5294020069679],[0.0727478048072236,51.5294002859148],[0.0727472011045796,51.5293869908004],[0.0727475808419949,51.5293743977377],[0.0727461283461972,51.5293633658242],[0.0727454429719459,51.5292880396642],[0.0727451248015082,51.5292810326823],[0.0727456582582995,51.5292744602961],[0.0727539476361793,51.5292763812999],[0.0727747409335934,51.5292788008239],[0.0728718705484597,51.5292947062381],[0.0729053850817361,51.5292971707673],[0.0733185534521652,51.5294089009691],[0.0734216618404275,51.5294360276357],[0.0735967650735679,51.5294831884995],[0.073886312939003,51.529568872136],[0.0740552616651522,51.5296165907501],[0.0741118310174603,51.5296319522576],[0.0741208864617847,51.5296324216701],[0.0741326000856152,51.5296338333001],[0.0741649982016873,51.529632631049],[0.0742054003625064,51.5296296694762],[0.0742171437304185,51.5296291021506],[0.0742279526278688,51.5296289110576],[0.0742496152963687,51.5296295163866],[0.0742640562366292,51.5296307898577],[0.0742858332369047,51.5296339111493],[0.0743021596957377,51.5296373985868],[0.0743800613410713,51.5296644304966],[0.0743937243562318,51.5296694928934],[0.0744038734944132,51.5296730895359],[0.07442666951674,51.5296803276848],[0.0744421714960623,51.529684009537],[0.0744566873624972,51.5296868994687],[0.0744749044118732,51.5296901735979],[0.0745030463092664,51.5296947101898],[0.0745084358999074,51.5296956041037],[0.0745230045648032,51.5296970542418],[0.0745328804478848,51.5296972393311],[0.0745534862509794,51.5296955269558],[0.0745714760985712,51.5296937700053],[0.0745822523382638,51.5296928600312],[0.0746033720895699,51.5296815189355],[0.0746112889264021,51.5296778726438],[0.0746201702576208,51.5296744790816],[0.074630889357638,51.5296723120173],[0.0746379874730569,51.5296715570055],[0.0746479651450985,51.5296713805722],[0.0746560779662344,51.5296720464682],[0.0746996401858498,51.5296784677141],[0.0747441725109683,51.5296879293491],[0.0747532742970715,51.5296893862047],[0.074758810611017,51.5296909070102],[0.0747743548613006,51.5296954864542],[0.0747788344954196,51.5296972957297],[0.0747834050702405,51.5296984729998],[0.0747871567058297,51.5296999354359],[0.0747908024233721,51.5297016686304],[0.0747962573680789,51.5297040002272],[0.0748009340939282,51.5297075128545],[0.0748047469948288,51.5297103231302],[0.0748074990896539,51.5297133311226],[0.074809582967968,51.5297173392432],[0.0748115079144624,51.5297204517912],[0.07481246571981,51.5297232217293],[0.0748137472696915,51.5297304814551],[0.0748227945706299,51.5297307711012],[0.0748336034879799,51.5297305799521],[0.0748434820225603,51.5297308548966],[0.0748642648151647,51.5297330044526],[0.0748751635489425,51.5297347892334],[0.0748834286304941,51.529736171847],[0.0748924435350771,51.5297383496544],[0.074902551882132,51.529741047693],[0.0749117135102075,51.5297438524018],[0.0749302596142534,51.5297360630643],[0.0749382023814732,51.5297329558614],[0.0749453669724176,51.5297310305882],[0.0749524161172987,51.5297291981838],[0.0749640641133103,51.5297265641205],[0.0749765815842214,51.5297247249324],[0.0749881686322517,51.5297233509402],[0.0750080044236146,51.5297230001276],[0.0750180025280153,51.5297232729427],[0.0750397387727703,51.5297254955331],[0.075049671849376,51.5297269385628],[0.0750614426695927,51.5297296071847],[0.0750743191888826,51.5297330656038],[0.0750943349648609,51.5297392745567],[0.0751017104809761,51.5297420209128],[0.0751071586760649,51.5297441718588],[0.0751145382786098,51.5297470080701],[0.0751219315773666,51.5297501138235],[0.0751357213309036,51.5297579616683],[0.0751469345398681,51.5297666635382],[0.0751536462720764,51.5297731077903],[0.0753017480620752,51.52986164936],[0.0753146453240609,51.5298681631479],[0.0753302332276568,51.5298737318566],[0.075349470628166,51.5298785156829],[0.0753521247609544,51.5298793680168],[0.0753612088212736,51.5298804654262],[0.0753828471464914,51.5298805323069],[0.0753918536250589,51.5298799233488],[0.0753971752417205,51.5298792896442],[0.0754196077245451,51.5298759260959],[0.0754266813848649,51.5298746327989],[0.075434787171726,51.52987251099],[0.0754435775050435,51.5298697484728],[0.0754472311220784,51.5298690543439],[0.0754541863398953,51.5298651561204],[0.0754736600903674,51.5298568098182],[0.0754798193576895,51.5298537341285],[0.0754851488294074,51.5298506731174],[0.0754920427565587,51.5298454270522],[0.0754946775491566,51.5298432221646],[0.0754972945991482,51.5298406587771],[0.0755023206833065,51.5298335572603],[0.0755031162752356,51.529830126812],[0.0755047227145483,51.5298262332777],[0.0755054269809941,51.5298208260234],[0.0755066739630847,51.5298090269605],[0.0755072887392105,51.5298042516864],[0.0755079577155797,51.5297980366014],[0.0755051749755804,51.5297760597023],[0.0755048155197073,51.5297681541737],[0.0755035910580255,51.5297621524404],[0.0755016756747507,51.5297592195908],[0.075500610512991,51.529756721342],[0.0754978297708064,51.5297530843746],[0.0754930222472934,51.5297466963846],[0.0754880635982105,51.5297369846219],[0.0754870106945729,51.5297347559408],[0.0754859833928094,51.529730458457],[0.075485860865349,51.5297277636763],[0.0754874713475475,51.5297239590996],[0.0754891063431673,51.5297206936588],[0.0754924770336586,51.5297164092019],[0.075496888329294,51.5297140829595],[0.0755030000298059,51.5297099298701],[0.0755118144878239,51.5297050985709],[0.0755285553618144,51.5296968015033],[0.0755542536390469,51.5296868171916],[0.0755711210757231,51.5296813038562],[0.0755765199796899,51.5296797703927],[0.075589860430979,51.5296777358239],[0.0756042616830732,51.5296755035297],[0.0756077548938465,51.5296739138502],[0.0756183963128468,51.5296700394328],[0.0756405159037868,51.52966236572],[0.0756459337512202,51.5296612806602],[0.0756521924835404,51.5296603614794],[0.0756594387506332,51.5296602332824],[0.0761032265369437,51.5296504027521],[0.0761468494636184,51.5296189742804],[0.0761941481403516,51.5295899079094],[0.0762664101778762,51.5295530274339],[0.0765142140709087,51.5294761803655],[0.0766568300954768,51.5294414717167],[0.0768614188630341,51.5294024284633],[0.0768845937616413,51.5293970739676],[0.0769395518822144,51.5293952917324],[0.0771616752458231,51.5293863243093],[0.0773866826309072,51.5293806327457],[0.0774550341424466,51.5293779836229],[0.077592734169727,51.5293737476412],[0.0776359694246468,51.529372982022],[0.0776583379617836,51.5293707882425],[0.0776791243616881,51.5293704201428],[0.0777015159532622,51.5293687646172],[0.0777275243146131,51.5293656070841],[0.0777553351425874,51.529362867266],[0.0777696247517837,51.5293608156388],[0.0777982841571683,51.5293558134747],[0.077832996694625,51.5293480062538],[0.0778661025929658,51.5293414864727],[0.078035589335177,51.5293043218207],[0.0780614544631924,51.52929801926],[0.0780997672999042,51.5292883505243],[0.0781193779551377,51.5292830589142],[0.0781407910352394,51.5292781841172],[0.0781860627776893,51.5292647059311],[0.0782118884341526,51.5292575056524],[0.0782270061346728,51.5292527432507],[0.0782447979254313,51.5292466744832],[0.0782625124517836,51.5292415054652],[0.0782758045661023,51.5292357861839],[0.0782952924457677,51.5292277988702],[0.0783262567504021,51.5292160129237],[0.0783536584526403,51.5292042900789],[0.0783731422138153,51.5291962128967],[0.0783899191523784,51.529188723232],[0.0784023054482263,51.5291840091938],[0.078427867820906,51.5291710599189],[0.0784701007549026,51.52914828561],[0.0784876475501245,51.5291394342675],[0.0785226970292816,51.5291181352242],[0.0785613453910448,51.5290949747445],[0.0785875481046968,51.5290777892581],[0.0786295149531527,51.5290491751646],[0.0788173940805505,51.5289199836243],[0.0789881490864707,51.5287906446742],[0.0790497796279323,51.5287396567424],[0.07919294809296,51.5286179987945],[0.0793861048201728,51.5284481650078],[0.079627284588289,51.5282626468881],[0.0797168355115056,51.5281904864665],[0.0798160351392712,51.5281135694849],[0.0799142728263793,51.5280363996847],[0.0800125546114921,51.5279576103076],[0.0800561378130505,51.5279253716961],[0.0801197526469693,51.5278788435181],[0.080169469807838,51.5278429898034],[0.0802211211702341,51.527807821199],[0.0802734322918254,51.5277714718046],[0.0803258737394657,51.5277353898602],[0.0803739902070185,51.5277035203865],[0.0804230518300714,51.5276715442041],[0.0804615798820789,51.527648385213],[0.0804949108719009,51.5276285548895],[0.0805002561260504,51.5276258530792],[0.0805160568091465,51.5276178408448],[0.0805416340860195,51.5276052505459],[0.0805689892014997,51.5275925387854],[0.08058135845619,51.5275874651007],[0.0805928841897142,51.5275821356892],[0.080649452668382,51.527558387821],[0.0807060920708736,51.5275361656505],[0.0807504140472228,51.5275201862049],[0.0807955850055636,51.5275045513986],[0.0809312288855312,51.527455306413],[0.0809837874884239,51.5274426870927],[0.0810886201591516,51.52740855232],[0.0812146343879643,51.5273671190257],[0.0812999541505976,51.5273404327449],[0.0813426754456959,51.5273284374166],[0.0814210399927666,51.5273082575486],[0.0815181218714688,51.5272840593865],[0.0815698052946732,51.5272704661163],[0.0816027910077588,51.5272639473976],[0.0816690990495764,51.5272556683639],[0.0819249455681273,51.5271940401408],[0.0820987864964674,51.5271535556476],[0.0822670205441188,51.5271074167932],[0.0825561137559342,51.5270267671344],[0.082593531018789,51.5270157638598],[0.0826308287412265,51.5270047635945],[0.0826486190095876,51.5269986932655],[0.0826654723104679,51.5269929102514],[0.0828560986349665,51.5269269538959],[0.083143440279856,51.5268261962089],[0.0831691597927797,51.5268167484832],[0.0831958300739416,51.5268072847685],[0.0832081947112923,51.5268021209497],[0.0832215045016823,51.5267968495188],[0.0833276232323179,51.5267545090419],[0.0835787654253052,51.5266498076452],[0.0835919972475486,51.5266428298163],[0.0836070519834582,51.5266367188943],[0.0836174795891209,51.5266307800784],[0.0836307688164214,51.5266250602229],[0.0836563282468377,51.5266121098234],[0.0836800333753648,51.5265975736413],[0.0842909477857151,51.5262629821178],[0.0845743616491886,51.5261154514435],[0.0846378395180024,51.526084295519],[0.0847049344060882,51.5260542443555],[0.0847703170807888,51.5260257523624],[0.0848375703479586,51.5259992046159],[0.0848889552934203,51.5259817491186],[0.0849414459711328,51.5259650833033],[0.0850168414965108,51.5259398296047],[0.0850940844361398,51.5259159809781],[0.0851670159075414,51.5258940074991],[0.0852425999005604,51.5258728852123],[0.0853147021626189,51.5258536233324],[0.0853888083677023,51.5258365730975],[0.0854120255147773,51.5258322044455],[0.0854655940950982,51.5258235210631],[0.0855193709967945,51.5258168105795],[0.0855408842403694,51.5258141808317],[0.0856180327791302,51.5258065161539],[0.085696215549104,51.5258006316068],[0.085774360761357,51.5257965444451],[0.0858526815944594,51.5257937140059],[0.0859364342050138,51.5257926745336],[0.0860193386980443,51.525793897393],[0.086071760534118,51.5257965615073],[0.0861232946494741,51.5258005894106],[0.0861440418618099,51.5258020190531],[0.0861648110050428,51.5258038970448],[0.0861883303857217,51.5258061757691],[0.0862800716393791,51.5258212665425],[0.0862972975848783,51.5258236571623],[0.0863137525309786,51.525827410417],[0.0863273787042738,51.5258316627181],[0.0863393426088661,51.5258359454782],[0.0863704360565328,51.5258452819465],[0.0864006212652709,51.525855532944],[0.0864207025053734,51.5258631776444],[0.0864409470031232,51.5258718077515],[0.0868247703252563,51.5260098143261],[0.0868733405112602,51.5260270205768],[0.0869209573466068,51.5260441538379],[0.0870171390042405,51.5260784043378],[0.0872613262435323,51.5261572196444],[0.0873875106842218,51.5261976788772],[0.087418620980939,51.5262073735841],[0.0875792812481558,51.5262531526609],[0.0876277246339435,51.5262675739755],[0.0876779540469507,51.5262820534162],[0.0877436606725955,51.526299673791],[0.0878101615279453,51.5263164706389],[0.087894859962404,51.5263360910852],[0.087980327946176,51.5263543479487],[0.088066827895432,51.5263717779261],[0.08815399434383,51.5263882076633],[0.0882429595504483,51.5264023571074],[0.0883327933288332,51.5264146924542],[0.0883961304566374,51.5264221054992],[0.0884604157019726,51.5264294126029],[0.0885265871665397,51.5264364154077],[0.0885935419667374,51.5264423259876],[0.08865773271469,51.5264475663114],[0.0887218727015911,51.5264517283626],[0.0888412543848413,51.5264603915501],[0.0890734238642924,51.5264738781266],[0.0891871568553547,51.5264785956674],[0.0892475290491044,51.5264783299039],[0.0893078272189043,51.5264764467154],[0.0893455092648787,51.5264738880329],[0.0893966785042551,51.526469920066],[0.0894459794759186,51.5264640968533],[0.089479979930557,51.5264589966712],[0.0895273715312021,51.526450420548],[0.0895746891229062,51.5264402279108],[0.0896102822817891,51.5264309635129],[0.0896653832989718,51.5264142490818],[0.0897194157498585,51.5263949466324],[0.089771597780508,51.5263741483354],[0.0898220419960725,51.5263517631582],[0.0898334508610388,51.5263465248329],[0.0899026405132082,51.526302588876],[0.0899383232896863,51.5262745331281],[0.0899720237459303,51.5262447141141],[0.0900049094519892,51.5262152693186],[0.0900359967794018,51.5261854968382],[0.0900559014930002,51.5261659038333],[0.0900766290806511,51.5261461154087],[0.0901261075543917,51.5261052274346],[0.0901590574034594,51.5260772194075],[0.0901947080814212,51.5260510517491],[0.0902000032352354,51.5260472721388],[0.0902261612466267,51.5260292745334],[0.0902532946805411,51.5260118000128],[0.090282365073365,51.5259950994312],[0.0903008589951574,51.5259862285112],[0.0903423543654304,51.5259683182179],[0.0903876590300032,51.5259531260188],[0.0904248977737059,51.5259408653081],[0.0904890418244658,51.5259243490631],[0.0905551116721781,51.525910945063],[0.0905925998151554,51.5259041636926],[0.0906470755484118,51.5258945624865],[0.0907017571916666,51.5258868451841],[0.0907581586954045,51.5258803553052],[0.0908138181636696,51.5258758579493],[0.0908291240425958,51.5258752254546],[0.0908858658200735,51.5258735846881],[0.0909425840887088,51.5258740117689],[0.0909994945573572,51.5258760541092],[0.0910121295853874,51.5258768181216],[0.0912325711631981,51.5258886218425],[0.0913812285472801,51.5259084476866],[0.0916341104949803,51.5259407992422],[0.0916757507890354,51.5259467996726],[0.0917173857432323,51.5259501032281],[0.091760761402334,51.5259524764473],[0.0918003728617534,51.5259531181976],[0.09183826029341,51.525952442647],[0.0918616195089441,51.5259512176781],[0.0919243983384327,51.5259438050671],[0.0919860809184039,51.5259332653728],[0.0920423587898444,51.5259240801243],[0.0920977478757476,51.5259136525987],[0.0922260592958388,51.5258811573898],[0.0923001553942104,51.5258483699605],[0.0923743942137771,51.5258161195092],[0.0924239187026746,51.5257944681317],[0.092473292118838,51.5257721008988],[0.0925182267479813,51.5257488236035],[0.0925603629034208,51.52572415825],[0.0925628935827691,51.52572231544],[0.0925961504653247,51.5257010440785],[0.092628540579526,51.525678979711],[0.0926562898825702,51.5256568182585],[0.0926770820040978,51.5256384670697],[0.0926970264433498,51.5256197703847],[0.0927150215477599,51.5256000311253],[0.0927235780654971,51.5255896293412],[0.0927379435344866,51.5255685159682],[0.0927486188863892,51.5255472876631],[0.0927576031425538,51.5255254609233],[0.0927638890140212,51.525507008735],[0.092786924254402,51.5254390799459],[0.0928473044656833,51.5252420140217],[0.0928669154906687,51.5251408824174],[0.0928757872380525,51.5250984691573],[0.0928810761836264,51.5250556710666],[0.0928849003473273,51.5250224288947],[0.0928870745515626,51.5249894850457],[0.0928858388682689,51.5249625364509],[0.0928817691017779,51.5249333901885],[0.0928768667652939,51.5249042587789],[0.0928724641753425,51.5248886042232],[0.0928622548949216,51.5248603768507],[0.0928482333860504,51.5248319476995],[0.0928443169743966,51.5248242863618],[0.0927689478622374,51.5245959276814],[0.0926777325150749,51.5242967383968],[0.0926100243635946,51.5240565557881],[0.092592080751226,51.5239996072127],[0.0925685962282811,51.5239592100037],[0.0924978141839751,51.523848991966],[0.092478377897434,51.5238191314688],[0.0924616370173863,51.5237884135288],[0.0924496560188725,51.5237630046329],[0.0924413979021986,51.5237384286226],[0.0924393332841526,51.523734869184],[0.0924326290104764,51.5237053202559],[0.0924294527147979,51.5236748999371],[0.092427719080664,51.5236370814975],[0.0924287370464117,51.5235996636235],[0.0924293622459739,51.5235951569158],[0.0924320951323901,51.5234369687327],[0.0924211502771794,51.5232967342551],[0.0923741776957058,51.5230187819599],[0.0923732965059174,51.5229995582433],[0.0923732422983857,51.5229802298468],[0.092372562892917,51.5229654081581],[0.0923728506145973,51.5229509289354],[0.0923734181898481,51.5229451651471],[0.0923790332040738,51.522930230287],[0.0923855933470521,51.5229151895386],[0.0923927677650096,51.5228953724892],[0.0924026896505864,51.5228758670483],[0.0924476995946709,51.5227765297617],[0.09245611086693,51.5227422165527],[0.0924591657046345,51.5227129431916],[0.0924672475199043,51.5226714433267],[0.0924715242062737,51.5226273143612],[0.0924776608827095,51.5225848608701],[0.0924788249320527,51.5225713543349],[0.0924818888260221,51.5225578139103],[0.0924857878303293,51.5225469564628],[0.0924907816986089,51.5225366181604],[0.0924938674827164,51.5225261340358],[0.0924978654368341,51.522514825177],[0.0925066045876737,51.5224876977444],[0.0925115174065463,51.5224781702486],[0.0925165674882862,51.5224690899497],[0.0925223677584502,51.5224581985853],[0.0925290402657903,51.5224481900531],[0.0925349434666975,51.5224395441806],[0.0925426736644134,51.5224318540382],[0.0925702959721284,51.522404390651],[0.0926062832698814,51.522364910086],[0.0926184589203647,51.5223530956229],[0.092629582252678,51.5223416587481],[0.0926442801211795,51.5223278217458],[0.0926607843807174,51.5223144911918],[0.0926746194581509,51.5223025562903],[0.0926894696763418,51.5222920430425],[0.092739022101019,51.5222529499358],[0.0927999793080838,51.5222059212288],[0.0928651112487534,51.5221540544571],[0.0929546405871639,51.5220821522877],[0.0930223176759451,51.5220261931963],[0.09307613645074,51.5219816298572],[0.0931542604855458,51.5219150560877],[0.0932202969041786,51.5218621837365],[0.0933000840752435,51.5217955792815],[0.0933513320782659,51.521754568016],[0.093420965684515,51.5216998327614],[0.0934747383486731,51.5216542808204],[0.0935321593971233,51.521610552251],[0.0935861213711185,51.5215691327178],[0.0936548505194911,51.5215154017735],[0.0937324522150857,51.5214581868362],[0.0938324064637188,51.5213804341058],[0.09392297402431,51.5213104910257],[0.0940203534077538,51.5212335934443],[0.0940342070062837,51.5212221085786],[0.0940498422364837,51.5212105910063],[0.0940724585996287,51.5211931960316],[0.0940969870551355,51.5211760358051],[0.0941909316456778,51.5211045933406],[0.0943334750301809,51.520991466917],[0.0943543671781397,51.5209753607771],[0.0943762744396507,51.5209606753761],[0.0943999565510564,51.5209457784221],[0.0944654515969777,51.5209019042864],[0.0944942366871777,51.5208817011979],[0.0945229984961205,51.5208609598412],[0.0945571188654116,51.5208378745607],[0.0945902446828032,51.5208138178071],[0.0946750145458189,51.5207574634039],[0.0947388016218395,51.520712631279],[0.0947719519901549,51.5206891136063],[0.0948033247897744,51.5206657175976],[0.0948276754485912,51.5206473022683],[0.0948511923490159,51.5206288118944],[0.0948676376082589,51.5206142230401],[0.0948840952686752,51.5205999046488],[0.094932550494834,51.520557683486],[0.0949421988994597,51.5205504085532],[0.094950709977207,51.5205416260339],[0.0949541234321834,51.5205357214658],[0.094970152256983,51.5205120598747],[0.0949827676591111,51.520494303749],[0.0950023748061443,51.5204683309102],[0.0950082566607044,51.5204592356281],[0.0950149901836948,51.5204505747807],[0.0950190532712438,51.5204407026188],[0.0950240752009239,51.5204309931896],[0.0950313703195025,51.5204138707576],[0.0950378111205026,51.5203962249074],[0.0950482119011571,51.5203690675528],[0.0950504645039862,51.5203585991206],[0.0950535578026379,51.520348294632],[0.0950567609564274,51.5203378083225],[0.0950598528532727,51.5203275047579],[0.0950605673610825,51.5202653679537],[0.0950599118804936,51.520251085403],[0.0950595202419287,51.5202425518148],[0.0950583140095758,51.5202343915939],[0.0950570335954173,51.52022722192],[0.0950549262990023,51.5202201578437],[0.0950495852341357,51.5202021828521],[0.0950371296866306,51.5201664435025],[0.0950174937924391,51.5201115038996],[0.0949967809664337,51.5200537957213],[0.0949768977989968,51.5199934656723],[0.0949499992831101,51.51991752869],[0.0949449509465509,51.519905930747],[0.0949418230013406,51.5198947490509],[0.0949373790003158,51.5198781960025],[0.0949339624961771,51.5198607262093],[0.0949274497553934,51.5198379168582],[0.094921028984443,51.5198145671878],[0.0949078835987383,51.5197456661378],[0.0948983264410885,51.5196927938446],[0.0948806258559115,51.5196023065883],[0.0948660873408038,51.5195004362634],[0.0948517937014835,51.51942463296],[0.0948347514420791,51.5193485190274],[0.0948084810275877,51.5192473977993],[0.0947842009113443,51.5191300573484],[0.0947630432408427,51.5190238096617],[0.0947613878553588,51.5190058587658],[0.0947578560362658,51.5189884800577],[0.0947563463446644,51.518976280235],[0.0947531814103312,51.5189642898319],[0.0947443139381736,51.5188901881964],[0.0947311469693206,51.5188000705005],[0.0947198977727896,51.5187310456394],[0.09470301933044,51.5186377567698],[0.0946855283108469,51.5185310838716],[0.0946838564693023,51.518515380601],[0.0946813083033486,51.5184987046577],[0.0946788068891729,51.5184830162022],[0.0946763040366492,51.5184673277723],[0.0946669118327921,51.5183610498119],[0.0946620761839854,51.5182945174573],[0.0946480620645289,51.5182066622141],[0.0946447349525173,51.5181730080427],[0.0946510830212995,51.5180937793868],[0.0946552522146558,51.5179696375881],[0.0946611427735511,51.5178830455949],[0.0946722595849524,51.5177704678227],[0.0946857183864283,51.5176726820569],[0.0947055296957753,51.5175527564522],[0.0947284233026561,51.5174430250326],[0.0947637254625203,51.5173292059261],[0.0948180005079297,51.5172170254821],[0.0948688202774955,51.5171254042527],[0.0949184138099427,51.5170484584941],[0.0949648383641174,51.5169802008768],[0.0950149302285502,51.5169141241982],[0.0950594481366813,51.5168638813688],[0.0950903033839103,51.5168292562698],[0.095141809721747,51.5167733137441],[0.0951691459278043,51.5167422578884],[0.0952207592778371,51.5166886516095],[0.0952367690495238,51.5166646301296],[0.0952819664816731,51.5166084414079],[0.0953128379192578,51.5165741756664],[0.0953894696721509,51.5164986342188],[0.0954397022856885,51.5164537730865],[0.0954869870592838,51.516404289988],[0.0955231820984644,51.5163694794009],[0.0955674038948995,51.5163309290368],[0.0955837610884289,51.5163144536862],[0.0956859495545312,51.5162442100159],[0.095737402786315,51.5162078676578],[0.0957777305846411,51.5161828728303],[0.0958243120680785,51.5161568669194],[0.0958717807262407,51.5161321032669],[0.0958902119297907,51.5161219741001],[0.0960028730107512,51.5160650289978],[0.096117540592048,51.5160103852166],[0.0962189563171753,51.5159621807195],[0.096322099821389,51.5159153850348],[0.0963937486949027,51.5158840754027],[0.0964671351008358,51.5158543534194],[0.0964830196747727,51.5158483156693],[0.0965619907406835,51.5158211908175],[0.0966409096262569,51.5157955057376],[0.0967662199468422,51.5157578424139],[0.0968925575195009,51.5157218692687],[0.0969725818638816,51.5156995806634],[0.0970526597278176,51.5156784592475],[0.0971275156131696,51.5156600382575],[0.0972014154207336,51.5156415452824],[0.0972682814889943,51.515625155632],[0.0973350046654939,51.5156082289097],[0.0974186574491622,51.515584705982],[0.0975012715661864,51.5155593130134],[0.0975109876737747,51.515556082474],[0.0975703346492744,51.5155338035352],[0.0976278217102289,51.5155098491392],[0.0976445740437499,51.5155019979724],[0.0977017723517587,51.5154743624224],[0.0977580874695385,51.5154455744336],[0.0978169638748586,51.5154130543172],[0.097874029862749,51.5153799370354],[0.0979337205715296,51.5153470425598],[0.0979917245619207,51.5153136395371],[0.0983207999829018,51.5151043858714],[0.0987746766659662,51.5148256445518],[0.0988351472040638,51.5147890487843],[0.0988992796773149,51.5147545457581],[0.0989555738336504,51.5147253073449],[0.0990137057117918,51.5146972941306],[0.0990269913403928,51.514691572198],[0.0990844985830774,51.5146680657972],[0.0991446636204384,51.5146455010111],[0.0991837032119737,51.5146313157327],[0.0992547107483823,51.5146093660819],[0.0993258996532263,51.5145887612077],[0.0993347188427862,51.5145867155891],[0.0994043353084616,51.5145707235272],[0.0994738681549476,51.5145554532701],[0.099637141436947,51.5145216011814],[0.0998023924702753,51.5144894212224],[0.0998062455358841,51.5144362180667],[0.0997677077090028,51.5136184973667],[0.0997365920141982,51.5129415264739],[0.0997282690840018,51.5127397473343],[0.0997181692348206,51.5125406979654],[0.0996982605263667,51.5121075297664],[0.0996884343334401,51.511893730336],[0.0994824985351691,51.5118807868522],[0.0982143302688325,51.5118058591595],[0.0978846429276473,51.5117865851923],[0.0974411958890921,51.5117612543411],[0.0969499103971341,51.5117318321306],[0.0965136292630858,51.5117072680693],[0.0956548035614216,51.5116596882349],[0.0953694474781435,51.5116431213131],[0.0951110309434138,51.5116258025193],[0.0947668356674003,51.5116036324756],[0.0943917596134217,51.5115766190234],[0.0940202795815859,51.5115476516187],[0.0939885566742043,51.5115451614453],[0.0938051399370022,51.5115308160819],[0.0936215502251282,51.5115153044252],[0.0935925302701318,51.5115121363646],[0.0935346564385069,51.5115068764267],[0.0934767634646079,51.5115011671486],[0.0934196628961797,51.5114946343169],[0.0930575256493265,51.5114335815761],[0.0927961577740533,51.5113906874008],[0.0925147059061477,51.5113425772148],[0.0923502797441854,51.5113121573228],[0.0921376369126337,51.5112719885007],[0.0919275985463659,51.5112289849899],[0.0917929592378322,51.511200280238],[0.0916592361309753,51.5111708395491],[0.0915262535760858,51.5111394079308],[0.0913941804481945,51.5111070606418],[0.0912838919626474,51.5110781907498],[0.0911889511477253,51.5110522836129],[0.0910950692561786,51.5110261776565],[0.0910018358819226,51.5109986211746],[0.0909096285633648,51.5109701479187],[0.0908181905293567,51.5109403119185],[0.0908098707107603,51.5109376724432],[0.0905772023538222,51.5108519170551],[0.0902450934471966,51.5107198348748],[0.0901028272581454,51.5106620449712],[0.089962267261594,51.5106026066475],[0.0898225839775037,51.5105415337968],[0.0896670424718704,51.5104688762379],[0.0894136496802479,51.510345638241],[0.0891997492536546,51.5102362602231],[0.0889709867135524,51.5101188757909],[0.0884223011342517,51.5098601958279],[0.0880745201477365,51.5096995278022],[0.0879794520800025,51.5096499751886],[0.0877815768236577,51.5095375225427],[0.0876075849198501,51.5094354332354],[0.0874546581732564,51.5093418681076],[0.0873952488333688,51.5093029187035],[0.0872615746628318,51.509217192401],[0.087222625018957,51.5091917242936],[0.087127998481126,51.5091310145744],[0.0870870305769115,51.5091029752853],[0.0870116232006884,51.5090493857232],[0.0869724726093986,51.5090195154431],[0.0868400418741148,51.5089219893429],[0.0866771319443122,51.5088048664712],[0.0865290048377033,51.5086991672423],[0.0863502643592585,51.508570997615],[0.0861387172036423,51.5084165294575],[0.085926465130043,51.5082647713695],[0.0856915798674348,51.5080909392013],[0.0854694003139078,51.5079194867028],[0.0852219662305953,51.5077283457166],[0.0851162967040052,51.5076441859192],[0.0849240608791916,51.5074961150063],[0.0848042018798913,51.5073952157747],[0.0846913928885876,51.5072925722901],[0.0845821541675865,51.5071874379742],[0.0843902923348403,51.5069719312499],[0.0843627754266515,51.5069391560457],[0.0843102930026199,51.5068748183837],[0.084282658096163,51.5068420443583],[0.0842272040530764,51.5067724553776],[0.0841790324052603,51.5067036353037],[0.0841434098144141,51.5066520332688],[0.0841006624303081,51.5065849153383],[0.084080454956747,51.5065560551981],[0.0840212407823684,51.5064613595514],[0.0839672487741801,51.5063638731151],[0.0839256120560226,51.5063002417695],[0.0839069796309784,51.5062668579602],[0.083863791381596,51.506208288494],[0.0838277222645871,51.5061495025313],[0.0838104295695673,51.5061246365114],[0.0836934567587802,51.5059514011518],[0.0835703255991327,51.5057786348449],[0.0834908181579323,51.5056739593524],[0.0833543614689942,51.5055059252729],[0.0832089927028831,51.5053404757282],[0.0831890470770045,51.5053173654379],[0.0828505848723141,51.5049272579123],[0.0827343638143679,51.5047860136269],[0.0826676104202221,51.5047056557489],[0.0825606384173278,51.5045717993489],[0.0824349010085599,51.5044224537699],[0.0823558269568604,51.5043272097905],[0.0822795460580151,51.5042332660024],[0.0821756910027108,51.5041078046587],[0.0820939045463731,51.5040129692903],[0.081979714013774,51.5038796901861],[0.0818929712549758,51.5037751429338],[0.0817490390076753,51.5035992375825],[0.0815996269987005,51.5034255864498],[0.0813988484599908,51.5032092431733],[0.081189315412335,51.502996291632],[0.0810231607807099,51.5028305784787],[0.0808545559879589,51.502665808828],[0.0806908154442716,51.502511291091],[0.0805347383413973,51.5023685044306],[0.0790548456005943,51.5010174148758],[0.0784968264832046,51.500508019247],[0.0784537798387527,51.5004731807685],[0.078412271520468,51.5004330110357],[0.0783831711857297,51.5004070062247],[0.0783522844032992,51.500380942249],[0.0783017764848004,51.5003387746431],[0.0782521306006574,51.5002973102582],[0.0780315364158635,51.5001201573698],[0.0779728504185956,51.5000757964366],[0.0779150171610637,51.5000318708977],[0.0778237056957819,51.4999649837911],[0.0777314565285504,51.4998983821121],[0.0776356810143162,51.4998299561549],[0.077538025804251,51.4997620121657],[0.0773318504255799,51.4996248784933],[0.0773031174891919,51.4996069568252],[0.0772751907858041,51.4995884821939],[0.077202086814619,51.4995431182181],[0.0771279092226147,51.4994976832875],[0.077057613241981,51.4994565851217],[0.0769864162041368,51.4994165811145],[0.076636022401896,51.4992167311363],[0.0765926814088728,51.4991936750398],[0.076548391720012,51.4991706357302],[0.0765143590770147,51.4991537070103],[0.0764802084474521,51.499136781269],[0.0762038082329884,51.4989991806427],[0.0758325158463788,51.498815072373],[0.0755867514713986,51.4986953576767],[0.0755314732534156,51.4986683767015],[0.0754752490152848,51.4986415023747],[0.0754256193204597,51.4986185571539],[0.0753740933821932,51.4985957345078],[0.0751812414295269,51.4985110436767],[0.0750893861835021,51.4984712242586],[0.074997615394219,51.4984332917656],[0.074904977641925,51.4983971722089],[0.0748115461027414,51.4983618759791],[0.07470254003468,51.4983211007712],[0.0743967502230676,51.4982109870807],[0.0742512494942666,51.4981591700694],[0.0741039277518854,51.4981090937262],[0.073940365833041,51.4980571470961],[0.0737760985809726,51.4980079986881],[0.0736556458805892,51.4979740787454],[0.073534407526752,51.4979411608837],[0.0734442784720186,51.4979183914954],[0.0733532278660803,51.497896266933],[0.0732748983859533,51.4978769749037],[0.0731956406112483,51.4978581479789],[0.0731910731928763,51.4978569706477],[0.0731528953558202,51.4978481160389],[0.0731246137251763,51.497840074739],[0.0728974329564182,51.4977762155281],[0.0725883891522856,51.4977120045089],[0.0722747284511423,51.4976455370241],[0.072101061613782,51.4976090497038],[0.0719266036718269,51.497573474487],[0.0717820451251689,51.4975449228437],[0.0716367782192819,51.4975164734639],[0.0714750526495686,51.4974866060614],[0.0713152642565658,51.4974575135636],[0.0711773030192116,51.4974329804154],[0.0710393622587306,51.4974088954835],[0.0708679002435062,51.4973817172182],[0.0706955466553941,51.4973532055177],[0.0704123857265383,51.4973042645009],[0.0702771182866918,51.4972814803756],[0.0701428404114817,51.497259577904],[0.0700140678629106,51.4972385663888],[0.0698852669614104,51.4972169266302],[0.0696240224802565,51.4971771264701],[0.0693603841923608,51.4971395262559],[0.0691564589284761,51.4971115695047],[0.068950777493936,51.4970841820569],[0.0687406851866127,51.4970564233302],[0.0685295900544167,51.4970301207725],[0.0682959072736181,51.4969981928896],[0.0680612013374895,51.4969672708977],[0.0677932163829917,51.4969333391292],[0.0675242409135429,51.4969011328515],[0.0672762872816833,51.4968740391315],[0.0670293258810184,51.4968479157037],[0.066764258695772,51.4968206738626],[0.066499250089233,51.4967946875861],[0.0662975395690053,51.4967762165025],[0.0660951572508097,51.496758656194],[0.0659143839608744,51.496746108688],[0.065871074738005,51.4967419275458],[0.0653149119012986,51.4967107302769],[0.064925776677601,51.4966875564177],[0.0647172463753341,51.496675855622],[0.0643497309207327,51.4966526597167],[0.0640363679660911,51.4966343520032],[0.0639695440585359,51.4966303143373],[0.0636626066693404,51.4966122522278],[0.0633520511246605,51.4965929948929],[0.0630296263458264,51.4965739455935],[0.0627083429830223,51.4965564931463],[0.0623302510042472,51.4965384212959],[0.0619403064710457,51.4965183093659],[0.0616172547149092,51.4965037618579],[0.0610066351371593,51.4964817733736],[0.0604186036749031,51.4964601932169],[0.0599756446571302,51.4964419048229],[0.0597960598147548,51.496431934049],[0.0596455329463059,51.4964288248726],[0.0593606685927845,51.4964234007191],[0.0592894686809725,51.4964224031032],[0.0592184085599895,51.4964218535306],[0.0591391368955621,51.496420998492],[0.0590598868924915,51.4964205917626],[0.0589679597154409,51.4964209480808],[0.0588771371394383,51.4964220933862],[0.058738501458811,51.4964245278504],[0.0586782243599658,51.4964260359168],[0.0586530602715297,51.4964264777715],[0.0584510901142112,51.4964390141045],[0.0581386353295094,51.496459243255],[0.0578000365276254,51.496479211909],[0.0574426964278186,51.4965024743],[0.0569830502809429,51.4965330152824],[0.056535081405642,51.4965643379354],[0.0561214092692379,51.4965949683731],[0.0557346411420871,51.496624226329],[0.0553972292245331,51.4966521681073],[0.0550267219274154,51.4966811386393],[0.0546776529015864,51.4967087430808],[0.0542639675597051,51.4967390973567],[0.0535854350709174,51.4967891919151],[0.0530584679266465,51.4968258416803],[0.0525011116819527,51.4968656271768],[0.0514726155723136,51.4969420638309],[0.0508465269845236,51.4969961708206],[0.050509580020782,51.4970319113275],[0.0503464392989411,51.4970495089996],[0.050092054148327,51.4970800283721],[0.0498718135792009,51.497109051841],[0.0496713531351801,51.497136830718],[0.0496212674567297,51.4971431001828],[0.0495675424450067,51.4971503325258],[0.0495138012762789,51.4971572054139],[0.0494689369806379,51.4971606865969],[0.0494240308882588,51.4971632692123],[0.0493755848198061,51.4971663642264],[0.049327157439136,51.4971699076347],[0.0491600522422969,51.4971785819208],[0.0488482859727518,51.4971958073551],[0.0484773428689238,51.4972152349473],[0.048086642665517,51.4972391431117],[0.0475760495962714,51.4972570526212],[0.0471774447340135,51.4972636544739],[0.0468098436742285,51.4972808620219],[0.0465230693790573,51.4972911726967],[0.0461815597679777,51.4973047752921],[0.0458068375216424,51.4973221039799],[0.0455930071255612,51.4973325782231],[0.0453187970213273,51.4973423069892],[0.0450750161619629,51.4973497965415],[0.0448582103558634,51.4973548375395],[0.0446432268735536,51.4973581377207],[0.0443391641189213,51.497364429828],[0.0442877234229469,51.4973643376761],[0.0441201949885204,51.4973609658297],[0.0439578694432865,51.4973570533892],[0.0438424299588979,51.4973523232933],[0.0436762410917091,51.4973417359234],[0.0431752672840507,51.4973145071589],[0.0429865885227167,51.4973030517972],[0.0428645173311588,51.4972934911795],[0.0427445033829627,51.4972874017749],[0.0424982527030374,51.4972768588937],[0.0423891489584729,51.4972730061891],[0.0420302663004967,51.4972620864482],[0.0410114634018277,51.4972344286421],[0.0404496444040245,51.4972172376771],[0.0402411803981647,51.497206931635],[0.0401085041733587,51.4971992613552],[0.039706249893727,51.4971640965579],[0.0395216595472664,51.4971457317893],[0.0394022938771385,51.4971328849095],[0.0392963868973502,51.4971207920907],[0.0391595375484133,51.4971021358174],[0.0390751520895416,51.4970878707818],[0.0389563979696708,51.4970700676861],[0.0388611308107457,51.4970541941066],[0.0387912709267018,51.4970406654424],[0.0387203990454504,51.4970284124263],[0.0385617776002346,51.4970036610977],[0.0384567636120547,51.4969902930101],[0.0382892429895196,51.4969710899287],[0.0381535638712643,51.4969573572728],[0.0379970487368265,51.496939850017],[0.0379001778271266,51.4969279585682],[0.0378033726150566,51.496917504742],[0.0376524139629804,51.4969047556389],[0.0372576265299789,51.4968770947711],[0.0370617268155977,51.4968661151174],[0.037043803465727,51.4968664265676],[0.0369949122743726,51.4968622410724],[0.0368846390707512,51.4968534593587],[0.0368069242390363,51.4968475273093],[0.0367302048337115,51.4968426570466],[0.0366805085327047,51.4968390249753],[0.0366317796077972,51.4968358266143],[0.036594744429917,51.4968337730961],[0.03655772926924,51.4968321679577],[0.0364901283027363,51.4968292973924],[0.0364216387091371,51.4968277893421],[0.0363702965449101,51.4968272432726],[0.0363189824142074,51.4968273252884],[0.0362297966577888,51.4968278852539],[0.0361020412948315,51.4968292958156],[0.0359454349461883,51.4968310265518],[0.0357805602121072,51.4968284960089],[0.0357039392948839,51.4968284776624],[0.0356265478488354,51.496829821561],[0.0355222925212974,51.4968334304222],[0.0354979399036663,51.4968334036335],[0.0354727391461835,51.4968330318556],[0.0353934440733161,51.4968316217945],[0.0353140954528131,51.4968290435499],[0.035165359262552,51.4968261420166],[0.0351149511798922,51.4968252185711],[0.0350653337225562,51.4968233830014],[0.0350355399310062,51.4968212032821],[0.0350056466927759,51.4968194749199],[0.0349324490412867,51.4968136430717],[0.0348566359159719,51.49680776665],[0.0347807007911032,51.4968018032688],[0.0347029687962885,51.4967955104165],[0.0345964372997207,51.4967880096298],[0.0345384656104513,51.496782632698],[0.0344359984281336,51.4967650819576],[0.0342966004600519,51.4967478131938],[0.034211440469004,51.4967374232178],[0.0341307468286109,51.4967259673763],[0.0340355979903457,51.4967126948574],[0.033877182625046,51.4966925181752],[0.0336489489966284,51.4966623151375],[0.0333017876548707,51.4966130478061],[0.0332157253968852,51.4966010549653],[0.0329934980792482,51.4965643634279],[0.0324041928178568,51.4964738916801],[0.0321605478478188,51.4964417056716],[0.0318922506976323,51.4964027540493],[0.0318324623902802,51.4963939010014],[0.0317726346126704,51.4963868462596],[0.0317301336308387,51.49638209907],[0.0316876628694043,51.4963779807051],[0.0316351974885739,51.4963734950393],[0.0315818800694688,51.4963685753744],[0.0314211206261156,51.4963569767853],[0.0313840267467883,51.4963535736029],[0.0313478430304838,51.4963492562641],[0.0313071436169785,51.496344926319],[0.0312662941987457,51.4963398804373],[0.0312282057547983,51.4963328092038],[0.0311901038409369,51.4963254675094],[0.0309874274990626,51.4962848365307],[0.0309774764578343,51.496282761609],[0.0309557180881383,51.4962796322205],[0.0309438867986491,51.4962780395024],[0.0309230905591496,51.4962751632252],[0.0309005375166214,51.49627285604],[0.0306896849406478,51.496251336388],[0.0304274781268549,51.496226299214],[0.0301127426414401,51.4961953391623],[0.0298266431688279,51.4961592071968],[0.0295651095260566,51.4961305602411],[0.0292504511189088,51.496101304269],[0.0290697197177752,51.4960866317636],[0.02894144119557,51.4960761754069],[0.0286341887167711,51.4960531726867],[0.0283245222796302,51.4960346164717],[0.028041190753814,51.4960206380832],[0.0277580005649852,51.4960098031306],[0.027445256211847,51.4960021754595],[0.0271325720805302,51.4959985917525],[0.0270893474739401,51.4959988894082],[0.0270506530295375,51.4959995583678],[0.0269895096530578,51.4960002556942],[0.02692921287974,51.4960012980634],[0.0267961186363075,51.4960053964469],[0.0267169848868482,51.4960075736676],[0.0266396598297312,51.496010349065],[0.0263367353850431,51.4960205288116],[0.0260255358092267,51.4960289631847],[0.0257980585309628,51.4960369394599],[0.0255310414842498,51.4960452386438],[0.0254608498094853,51.4960481589156],[0.0251434663620544,51.4960564279847],[0.0249167610004862,51.4960630403024],[0.0247640171486119,51.4960687347053],[0.0246095193966794,51.4960776956847],[0.0244586853406416,51.4960889313181],[0.0243089712543754,51.496104012505],[0.0242866378396561,51.4961066453704],[0.0241603307398681,51.4961218618199],[0.0240341644797421,51.4961402222647],[0.023929523375323,51.4961565023976],[0.0238259080574947,51.4961744733534],[0.0231406159181494,51.496294631013],[0.0228181757103602,51.4963523377243],[0.0226331627323376,51.4963857360486],[0.02248495467231,51.4964133751666],[0.022295688348435,51.4964499928838],[0.0221083165579653,51.4964891855174],[0.021924725017086,51.4965305599495],[0.0217429138593699,51.4965746003181],[0.0216975946769715,51.4965866190717],[0.0215222891065098,51.4966354021076],[0.0213481985719804,51.4966874894501],[0.0211705061777195,51.496741437169],[0.0209615755296581,51.496803474252],[0.0207225382995813,51.4968750207658],[0.0204480700196189,51.4969593130366],[0.0202143522335236,51.4970303172037],[0.0201646611268134,51.4970455581464],[0.0201148703530547,51.4970612495228],[0.0199869832191162,51.4970998626141],[0.0196921415874537,51.4971935849538],[0.019402025229168,51.4972920794454],[0.0193515041297889,51.4973100312582],[0.0190671236656158,51.497414719248],[0.0187873781697364,51.4975248114112],[0.018512438585797,51.4976388650994],[0.0182960440585891,51.4977337504599],[0.0181663404982046,51.4977931606468],[0.0180064850327082,51.4978664843147],[0.0177235297825902,51.4980035093472],[0.0177217886786582,51.4980044385827],[0.0173624152413707,51.498186379928],[0.01700965626666,51.4983728807951],[0.0168380681558861,51.4984657345617],[0.0166693338230186,51.4985586280177],[0.0166298051943438,51.4985807942225],[0.0165902646503007,51.4986026917358],[0.016385005099861,51.498726599412],[0.0161656428378905,51.4988566835235],[0.0157735864512465,51.4990923136709],[0.0155938878800482,51.4992033750154],[0.0155555753101692,51.4992342402034],[0.015501542671584,51.4992749951247],[0.015449302788089,51.4993159898866],[0.0153997527335363,51.4993560382181],[0.0153519954463857,51.4993963263955],[0.0152575617439158,51.4994798499175],[0.0152307336600592,51.4995044942762],[0.0152029448757857,51.4995288853575],[0.0151753892354328,51.4995558803187],[0.0151476743721575,51.4995819787359],[0.0151182782124997,51.4996076564039],[0.0150878191686877,51.499633442258],[0.0147701585307073,51.4999023124702],[0.0144353267536938,51.5001913454275],[0.0143866030879067,51.5002312891911],[0.0143388321191356,51.5002713073964],[0.0142460076989205,51.5003510263901],[0.0142001170346854,51.5003905617071],[0.0141671589154319,51.5004189981429],[0.0141541014229186,51.5004300101257],[0.0141072762817969,51.5004699220698],[0.0140603077138113,51.5005092959967],[0.014009094416258,51.5005520709434],[0.0139596605003876,51.5005948154117],[0.0139128704046784,51.5006355360076],[0.0138659448594905,51.500675899197],[0.0138190991035411,51.5007153626061],[0.0137731077923873,51.5007553509006],[0.0137271322239794,51.5007956977278],[0.0136803085763678,51.5008357002867],[0.0136307842524235,51.5008763778164],[0.0135794695014668,51.5009169062169],[0.0132195984725535,51.5012123058712],[0.0126817826972277,51.5016563136858],[0.0126625515298186,51.5016701296246],[0.0126399182826172,51.5016875993382],[0.0126173459187983,51.5017064169443],[0.0125939215668458,51.5017248004237],[0.0125677667252501,51.5017459268528],[0.0125425779654169,51.5017673964118],[0.0125175984125789,51.5017909307519],[0.0124475405900674,51.5018563248916],[0.0123074530789794,51.5019878302212],[0.0122711094372528,51.5020230669332],[0.0122339324595032,51.5020582280089],[0.0121716916730851,51.5021177341651],[0.0121388179044002,51.5021481459313],[0.0121068666485258,51.5021779132511],[0.012068678266532,51.5022117426992],[0.0120305776649838,51.502244852094],[0.0119949461623926,51.5022746825455],[0.0119592947978969,51.5023040636815],[0.0119272204644058,51.5023310452593],[0.0118959451908474,51.5023572945813],[0.0118620138412383,51.5023852972347],[0.0118281821786813,51.5024128494211],[0.0117820644951136,51.5024500514154],[0.011736920775734,51.502487776259],[0.0116421478724518,51.5025666302551],[0.0115492776568631,51.5026455405717],[0.0114686795838083,51.502717138545],[0.0114289554584179,51.5027538710112],[0.0113891251283274,51.5027908759762],[0.0113492972145232,51.5028279699187],[0.0113104407970614,51.5028654977304],[0.0112707916392387,51.5029039366275],[0.0112310283496309,51.5029424683004],[0.0112024742023745,51.5029684909275],[0.0111739477513106,51.5029951425804],[0.0111479513445211,51.5030198623066],[0.0111220478061897,51.5030440417572],[0.0110866130379033,51.5030783632795],[0.0110493615091779,51.5031119065912],[0.0110008095916348,51.5031558938977],[0.0108762851027646,51.5032713985832],[0.0108329510964195,51.5033098115313],[0.0107904531959813,51.503348300055],[0.0107618826902047,51.5033739631555],[0.0106926419271908,51.5034364646667],[0.0106414576498381,51.5034800473487],[0.0106301358249623,51.503490040245],[0.0105910788149277,51.503523075722],[0.010533899155897,51.5035735032035],[0.0104775145522887,51.5036231085604],[0.0104323393833223,51.5036602040156],[0.010334325541222,51.5037464842302],[0.0102795981883495,51.5037905771838],[0.0102239416287532,51.5038351347975],[0.0101812631263617,51.503869580302],[0.0101377775235527,51.5039045792097],[0.0100933390342284,51.5039395045124],[0.0100472374510702,51.5039744583157],[0.0099967204340383,51.5040143431061],[0.00994536461479245,51.5040540624],[0.00989836392127091,51.5040901997539],[0.00985123720542018,51.5041261602923],[0.00979985341621665,51.504165250504],[0.00975024919810103,51.5042043101886],[0.00969528783857899,51.5042457989633],[0.00964040090217037,51.5042862972143],[0.00953227253573033,51.504366906624],[0.00947827295567489,51.5044086486138],[0.00942512638401905,51.5044509155388],[0.00936762770185751,51.5044941563366],[0.00930913901795875,51.5045365147823],[0.00925676834672965,51.5045748123384],[0.00920353907759299,51.5046124950825],[0.0091572809716718,51.5046466419017],[0.00910924063560269,51.5046807302194],[0.00905700352125488,51.5047193851282],[0.00900367814348159,51.5047576090189],[0.00895296940075068,51.5047931809862],[0.00890140206899799,51.5048281381403],[0.00880707836954737,51.5048931369312],[0.00875365764637441,51.5049292049444],[0.00860713323444402,51.505036363203],[0.00857901942042118,51.5050535673373],[0.00854570348451099,51.5050740072381],[0.00849662675543749,51.5051035266814],[0.00844645143489857,51.5051323472897],[0.00835249990697882,51.5051869102382],[0.00830236331239756,51.5052139306349],[0.00825139192360011,51.5052408762832],[0.0082081741724104,51.505263103567],[0.00811731633813208,51.5053070052393],[0.00807061863101587,51.5053284827229],[0.00802823888392652,51.5053481784587],[0.00798407003869417,51.5053677249671],[0.00791252509382802,51.5053996075097],[0.00784097073525912,51.5054313112135],[0.00770580467963915,51.5054916138859],[0.0076819023977045,51.5055019128345],[0.00765719157009452,51.5055127652048],[0.00761569852348193,51.5055310067423],[0.00760507286329296,51.5055352346603],[0.00766027133783572,51.5055827479503],[0.00784292482291923,51.5057429751098],[0.00803129033369679,51.5059087678557],[0.0082280077075859,51.5060807104369],[0.00839196223623922,51.5062263330923],[0.00852032201350745,51.506337951456],[0.00867012439072215,51.506467004687],[0.00884452950233168,51.5066232354659],[0.00893707344980859,51.5067012146799],[0.00902776132545136,51.5067775169565],[0.00908963207562197,51.5068307578144],[0.00915521101362667,51.5068899594579],[0.00918882953517828,51.5069168045482],[0.00920014384861904,51.5069282079325],[0.00920968883019282,51.5069399114327],[0.00922591414023664,51.5069603108265],[0.00924120641263177,51.5069810868289],[0.00927207771565471,51.5070264981853],[0.00931873667665934,51.5071066116197],[0.00936588588660905,51.5071951682074],[0.00942934786807997,51.5073061001763],[0.00949108832186885,51.5074184105543],[0.00957334611907234,51.5075702861635],[0.00961555353548372,51.5076491277071],[0.00966427539735418,51.5077328917913],[0.00971412054952949,51.5078205925884],[0.00976234364025317,51.5079146144389],[0.00979747132913775,51.5079756857972],[0.00980954210563696,51.5080042481811],[0.00983744014887144,51.5080657132781],[0.00985790848011206,51.5081203838905],[0.00988165147094212,51.5081900120805],[0.00989103499891733,51.5082169118703],[0.0099013253095919,51.5082482017574],[0.0099049263860391,51.5082679191086],[0.0099075982721375,51.5082881011418],[0.00990935869595477,51.5083065011134],[0.0099065493460284,51.5083452081991],[0.0099021767973944,51.5083673096228],[0.00989487574265534,51.508406543381],[0.00988957254607654,51.5084291095118],[0.00988080253617288,51.5084565912872],[0.00986768656794112,51.5084852258423],[0.00986444210298987,51.508492473144],[0.00986200875609633,51.508499257788],[0.00985872329397126,51.5085056073965],[0.00985625431020571,51.5085115832857],[0.00985296488691162,51.5085178430325],[0.00984958113991326,51.5085246439738],[0.00984036456380039,51.508539277078],[0.00983102050353906,51.5085537316093],[0.00981675692364855,51.5085751932749],[0.00980236737117973,51.5085964781396],[0.00978960862763886,51.5086143177159],[0.00977682075822884,51.5086315291831],[0.00970782486668935,51.5087213567219],[0.00966351869850444,51.508778306211],[0.00964284014747055,51.5087997888252],[0.00960508442139712,51.5088408928046],[0.00959313581293634,51.5088555720239],[0.00957233809515992,51.5088743591742],[0.0095626627664701,51.5088812681274],[0.00954601657207571,51.5088918030289],[0.00946862728895862,51.5089341269612],[0.00938939074209094,51.5089749536813],[0.00935325718306428,51.5089935549648],[0.00924855523175566,51.5090497423013],[0.00921498172497017,51.5090644335033],[0.00911000009246912,51.509114243082],[0.00903054935891661,51.5091502187422],[0.00894573933758686,51.5091886235325],[0.0088874607790785,51.5092143464242],[0.00886276526395204,51.5092255578919],[0.00879259083662772,51.5092482489032],[0.00874973282812547,51.5092571645342],[0.00866584949055185,51.5092761334491],[0.00862122203156274,51.5092853500537],[0.00857656287073646,51.5092938468339],[0.00844801572931991,51.5093185263624],[0.00838015746611242,51.5093317364364],[0.0083113764335092,51.5093455918042],[0.00822285719530383,51.5093618537704],[0.00813444551218619,51.5093778431343],[0.00799406531994107,51.5094009262926],[0.0079081866410342,51.5094150743602],[0.00782231581670726,51.5094294020942],[0.0077427848052394,51.5094420032926],[0.00766407023036852,51.5094542298269],[0.00756924576691909,51.509470329522],[0.00747530584675699,51.509484884256],[0.00739397355929925,51.5094970664169],[0.0073124440829314,51.5095074532694],[0.00723606094760877,51.5095132571507],[0.00716154017522949,51.5095182197044],[0.00707813191190361,51.5095263902839],[0.00699482103043283,51.509536808324],[0.00694384071736979,51.5095447832173],[0.00689209671771669,51.5095543009009],[0.00680987090009068,51.5095704531495],[0.00672687986999128,51.5095881472792],[0.00665281071113397,51.5096033503752],[0.00653328532465749,51.5096305704147],[0.00648790912978197,51.5096416867014],[0.00648076594880164,51.5096440563829],[0.00642740923192712,51.509660163778],[0.00637685283727274,51.5096777520458],[0.00633246546987027,51.5096924477075],[0.00628811754660735,51.5097080410935],[0.0062473322439497,51.5097235734776],[0.00620751565356205,51.5097395389233],[0.00617132198689937,51.5097540942666],[0.00613678467099132,51.5097685304161],[0.00610945916005307,51.5097821245581],[0.00608397422348132,51.5097970361621],[0.00605236610145375,51.5098159178264],[0.00602260644546896,51.5098362966796],[0.0060052466424706,51.5098495394591],[0.00599149549849282,51.5098638005478],[0.00598965139318474,51.5098650911532],[0.00598648511616667,51.5098741358029],[0.0059841680551602,51.509883615575],[0.0059837557993873,51.5098931526759],[0.00597476940587372,51.5099157821761],[0.00596770365382696,51.5099388293592],[0.00595398690252763,51.5099754765123],[0.00594220901699829,51.5100129888948],[0.00593733778398185,51.5100454377293],[0.00593438372964067,51.5100620311956],[0.00593332119529103,51.5100784124242],[0.00593151501859947,51.5100994810218],[0.00593159106249286,51.510120158577],[0.00593277884323219,51.5101282293874],[0.0059341069718475,51.5101368373848],[0.00593703623518942,51.5101412829256],[0.00594275005634809,51.5101496359953],[0.00594856764085283,51.5101576284619],[0.00596097733197214,51.5101750372433],[0.00597257192553042,51.5101928197005],[0.00598515107832205,51.5102113946882],[0.00599854678874063,51.5102295959718],[0.0060323817252401,51.5102829604666],[0.00608707433239125,51.5103594337617],[0.00610715814983873,51.5103865110042],[0.00612443225611791,51.5104091415603],[0.00614073614620735,51.5104313381643],[0.00616341217108481,51.5104552252187],[0.00618693884994475,51.5104795464651],[0.00620678973982858,51.5105013235143],[0.00622661155004919,51.5105224715369],[0.0062539178361624,51.5105489754562],[0.00628300555068398,51.5105754497717],[0.0063120577361421,51.510601115304],[0.00634205640524092,51.5106266737943],[0.00650075333154339,51.5107552191216],[0.00656443099718105,51.510808971821],[0.00662781148352001,51.5108586835529],[0.00672118974104345,51.5109339536478],[0.00681722902088394,51.5110075602282],[0.00685931455018354,51.5110431619949],[0.00692627563300239,51.5111121421114],[0.00695858836161587,51.5111497979556],[0.00702347630286885,51.5112310405964],[0.00720996119893542,51.5114374168235],[0.00732475068168629,51.5115698605277],[0.00738201276376615,51.5116425120061],[0.00741548132880232,51.5116875213905],[0.00745897107200315,51.5117550146411],[0.00752807344375328,51.5118698991761],[0.00755371416498859,51.511920616556],[0.00757787787210892,51.5119782812545],[0.00759788244839608,51.512025139087],[0.00765611370566441,51.512181926257],[0.00767190796364156,51.5122329921472],[0.00769205031843952,51.5123018745059],[0.00772487465562306,51.5124942492823],[0.007772814623194,51.5127033576179],[0.00778182000127447,51.5127648792102],[0.00778482529546225,51.5128142756208],[0.00778549098012705,51.5128699155845],[0.00778111818970743,51.5129325647912],[0.00777276397864587,51.5129884501183],[0.00776166339118194,51.5130440218718],[0.00774044308989747,51.5131342907747],[0.00768468603712665,51.5133011227305],[0.0075923415360559,51.5135168593425],[0.00756813139154744,51.5135580912658],[0.00754360943839125,51.5135949236847],[0.00749947699631573,51.5136560066023],[0.00744983591159935,51.513716104691],[0.00739753084919967,51.5137750792847],[0.00734921897488369,51.5138249059793],[0.00728954855730259,51.5138812197157],[0.00722623599525514,51.5139357980779],[0.00715819291136291,51.5139882100443],[0.0071023845136143,51.5140297132851],[0.00703855777036031,51.5140726128687],[0.00697099053554916,51.5141142275078],[0.00689889089893688,51.5141527730283],[0.00682378296494451,51.5141877736645],[0.00674137402143949,51.5142188541618],[0.00660812028121247,51.5142611437517],[0.006565336309768,51.5142718560295],[0.00652072878481327,51.5142816102695],[0.00647516634010363,51.514288593867],[0.00642862174749852,51.5142948748113],[0.00638282265971572,51.5142991653805],[0.00633516697684347,51.5143017790205],[0.00628838136805095,51.5143025800153],[0.00625590912446688,51.5143018778054],[0.0062089629741905,51.5142989952262],[0.00616277528236219,51.5142944817767],[0.00611571459032184,51.5142889940074],[0.00607033127071704,51.514281140186],[0.00602313481700043,51.5142725970329],[0.00597031139751786,51.5142603757569],[0.00591933619359559,51.5142469528118],[0.00587007933919614,51.514232062427],[0.00582157056708912,51.5142152715547],[0.0057757173351917,51.5141967265115],[0.00571405671580953,51.5141673040933],[0.00566052254251329,51.5141389107679],[0.0055688743859397,51.5140815013114],[0.00543124491511735,51.5139837017271],[0.00532315431848666,51.5139009501588],[0.00510676286477556,51.5137117146725],[0.00502206881907445,51.5136313494616],[0.00495035397270761,51.5135569656039],[0.00487217374850865,51.5134571589482],[0.00482597133067469,51.5133900708489],[0.00478252122907627,51.513304504177],[0.00475064761655114,51.5132335745544],[0.00472090885526545,51.513151729383],[0.00469469617291332,51.5130690153987],[0.0046829109890759,51.5130252530673],[0.00466570400831162,51.5129419344624],[0.00465214903694593,51.5128579247607],[0.00464301704045873,51.5127744689182],[0.0046378499901709,51.5126568701885],[0.00463911894910352,51.5125613690603],[0.00465329905795787,51.5123107381885],[0.00465696138164056,51.5121263689252],[0.004652418325701,51.5120635125372],[0.0046419970563154,51.5119913165824],[0.00461675144582453,51.5119089448366],[0.00457291818505932,51.5117118119012],[0.00450969968108922,51.5114412882061],[0.00446055878288097,51.511285602811],[0.00439291976017197,51.5111199842583],[0.00434761382591974,51.5110326513512],[0.00431965287491956,51.5109885360786],[0.00428794042773263,51.5109455641353],[0.00425469892734584,51.5109056751058],[0.00421793166944794,51.5108666548458],[0.00419145725619648,51.5108401362098],[0.0041615396611712,51.5108136764485],[0.00413544013686428,51.5107956912911],[0.00404859778121704,51.5107446715572],[0.00402447278319306,51.5107283613094],[0.00399942107756801,51.5107126073914],[0.00396611875564122,51.5106929476248],[0.00393105232502903,51.5106736777386],[0.00390716811678792,51.510662848276],[0.00387137476971648,51.5106487160022],[0.00383472828603395,51.5106340587143],[0.00381907240982523,51.5106265940784],[0.0038016430696585,51.5106193396257],[0.00377520583640192,51.5106099027599],[0.00371868629900171,51.5105945959643],[0.00368951895747593,51.5105879019047],[0.00365134764395259,51.5105791143829],[0.00358867712082639,51.5105671493213],[0.00352508130240353,51.5105557396334],[0.00345255648141567,51.5105439429598],[0.00337818999711722,51.5105335266964],[0.00331294307891461,51.5105251119597],[0.00324694808170705,51.5105185976379],[0.00319806953855635,51.5105149383232],[0.00315032405459066,51.5105126976284],[0.00310704174243769,51.5105119985006],[0.00306475182922858,51.5105122716433],[0.00302341656775649,51.5105153163353],[0.00298211282065272,51.5105190790279],[0.00293550834269185,51.5105239206459],[0.00286296398501421,51.5105333424076],[0.00279231276669159,51.5105452480601],[0.00275483030165286,51.5105521820109],[0.0027164816554063,51.5105610193159],[0.00269061267027838,51.5105672151999],[0.00266393642623071,51.5105739644626],[0.00264881706164462,51.5105787185039],[0.00262135199697552,51.5105891666351],[0.0025939185130793,51.5106003345729],[0.00256558330222002,51.5106125961928],[0.00252510725148702,51.5106325277832],[0.00248540710417869,51.510653885009],[0.0024547538247715,51.5106729292857],[0.00242591487792628,51.5106926620084],[0.00237465720837058,51.5107349836861],[0.00235799294145982,51.5107451581873],[0.00234314947358044,51.5107562008937],[0.00233960664179997,51.5107594081326],[0.00232314340924649,51.5107741639098],[0.0023086086683342,51.5107895162581],[0.00229662045621502,51.5108060841406],[0.00227961407819075,51.5108274124037],[0.00227094116689964,51.5108572299296],[0.00225576063477997,51.5109011834765],[0.00224319957709144,51.5109615452647],[0.00223517711341267,51.5110061859014],[0.0022323736534154,51.5111264382389],[0.00223345105508664,51.5111726312097],[0.00224657875994876,51.5112659987934],[0.00226034065914405,51.5113331935234],[0.00227768506661455,51.511400775802],[0.00229965942840259,51.5114682789728],[0.00233473556726666,51.5115500336839],[0.00240294683345547,51.5116882227029],[0.00244302824293875,51.5117594624799],[0.00255880761575267,51.5119553670067],[0.00266358572398321,51.5121252964855],[0.00292926506739979,51.5125363012845],[0.00301773868046736,51.5126839434067],[0.00308855808659097,51.5128002393762],[0.00325241613258944,51.5130842384535],[0.00350876493052453,51.5134665412425],[0.00356139349701623,51.5135582440142],[0.00357950007679782,51.5135998308683],[0.00367753675185553,51.513802780481],[0.00375652365101987,51.5139183076976],[0.00385449213919688,51.5140574248765],[0.00393747501433034,51.5141611052866],[0.00400584107201143,51.5142430994883],[0.00409858487960399,51.514385002824],[0.00411320703226265,51.5144311439439],[0.00412406387685387,51.5144726748139],[0.0041293027548395,51.5145107953303],[0.00413290730041744,51.5145495733174],[0.00413268496263559,51.5145877863315],[0.00412802526135111,51.5146250877853],[0.00412449976133785,51.5146476237679],[0.00412160912472337,51.5146629579673],[0.00411163389181884,51.5147009789479],[0.00409878086790107,51.5147384196226],[0.00408072533988536,51.5147791859037],[0.00406095396920259,51.5148187224845],[0.0040178441586545,51.5148842823723],[0.00398040974442698,51.5149356295376],[0.00393759513757246,51.5149862593126],[0.00385752929286449,51.5150707908485],[0.00379712469634736,51.5151294536759],[0.00367171594234583,51.5152476663737],[0.00360918487983143,51.5153012402715],[0.00358810573510678,51.5153137378397],[0.00356020199027381,51.5153358821337],[0.00351134900510216,51.5153707924495],[0.0034597677680978,51.5154058384223],[0.00341601068554833,51.5154349967893],[0.00337127394101897,51.5154635423682],[0.00331783744854621,51.515496912199],[0.00326245782407612,51.5155293259773],[0.00320533455276501,51.5155626679538],[0.00314643651333079,51.5155961310726],[0.00308151508956579,51.5156332026563],[0.00301550272274482,51.5156697541631],[0.00295380917770614,51.5157018260679],[0.00289126735529186,51.5157335536135],[0.00283485891283824,51.5157614891046],[0.0027774984129556,51.5157894408413],[0.00271487888935764,51.5158193709932],[0.00265128111900103,51.5158486883101],[0.0025858465150443,51.5158767788415],[0.00252041179241603,51.5159048684404],[0.00245314167867462,51.515931731225],[0.00238501536550094,51.5159580690132],[0.00226356466575136,51.5160041082163],[0.00214037531503172,51.5160484683033],[0.00188925142306011,51.5161373599964],[0.00188135881582893,51.5161416307837],[0.0018600146867776,51.5161481089634],[0.00174912057010338,51.5161856063678],[0.00155404703399628,51.5162573566878],[0.00137319767107067,51.5163228401373],[0.00116283999161279,51.5163956602506],[0.00098985472379843,51.5164562442504],[0.000792841094413193,51.5165244301054],[0.000624359289222698,51.5165847568248],[0.00055259303754949,51.5166121449736],[0.000487825528596769,51.5166365357867],[0.000424986714091255,51.5166615240607],[0.000394066191112685,51.5166745488092],[0.000363983119912865,51.5166877391172],[0.00033928161016683,51.5166989489873],[0.000316379988955082,51.5167105786852],[0.000288072029783973,51.5167235588094],[0.000261650492874345,51.5167362369311],[0.000252803083943766,51.5167404330803],[0.000244900902357032,51.5167445240618],[8.52533531120771E-05,51.5168220506444],[-0.000109935673763089,51.5169102532495],[-0.000299855425225949,51.5169966578185],[-0.000380218339078101,51.517033991073],[-0.000459587433594473,51.5170722974637],[-0.000551294046434602,51.5171192642991],[-0.000641079951530587,51.5171666488516],[-0.000700028147837726,51.5171991211069],[-0.00075897680874167,51.517231592941],[-0.000954267109785091,51.5173366044475],[-0.00109859189456581,51.5174168323899],[-0.00115394090363354,51.517447355013],[-0.00124917032746948,51.5174953691402],[-0.00127377067700913,51.517508914751],[-0.00131164221051233,51.5175288000747],[-0.00147310652230131,51.5176057236262],[-0.00159410652586858,51.5176622687656],[-0.00162845088359376,51.5176785869602],[-0.00180607567223659,51.5177773603102],[-0.00195725156220681,51.5178640847022],[-0.00200995193089609,51.5178954592843],[-0.00205480850575028,51.5179213962314],[-0.00209429780240667,51.5179450843457],[-0.00212239160696183,51.517960306696],[-0.00214525049659626,51.517972922767],[-0.0021700538519288,51.5179845836347],[-0.00218947264396682,51.5179916563454],[-0.00221180076156686,51.5179974314715],[-0.00223416681731148,51.518002307052],[-0.00225742827779762,51.518005759917],[-0.00227353534606391,51.518007023464],[-0.00228966745510053,51.5180077478624],[-0.00232022736942146,51.5180100660149],[-0.00235178112502882,51.5180114127679],[-0.00236246831864037,51.5180115947803],[-0.00240316259770257,51.5180104901545],[-0.00244464168048694,51.5180076902333],[-0.00248533439468809,51.5180038876895],[-0.00252517637267612,51.518000520288],[-0.00264988551808324,51.5179914064526],[-0.00277293091047987,51.5179795662945],[-0.00287616944892802,51.5179668500971],[-0.0029769234655154,51.5179511247615],[-0.00304955736931626,51.5179370770904],[-0.00312139940401682,51.5179221184063],[-0.00315233269391086,51.5179159021681],[-0.00318319111653711,51.5179086954317],[-0.00332893183763277,51.5178725178641],[-0.00336809810647137,51.5178628463689],[-0.0034082921516483,51.517851393782],[-0.00341369614042006,51.5178501368382],[-0.00346936637344974,51.5178326544554],[-0.00352345305687285,51.5178133465202],[-0.00356006380339063,51.5177995855746],[-0.0035939633418865,51.5177853288289],[-0.00360779704445145,51.5177788214315],[-0.00365199048583702,51.517757457451],[-0.00369530402903775,51.5177344597634],[-0.00372777710710142,51.5177147847821],[-0.00375839361833682,51.5176940889802],[-0.00376205377536248,51.517691903056],[-0.00378636822623129,51.5176712798492],[-0.00380892850095308,51.5176499972835],[-0.00383053028860829,51.5176288782595],[-0.00385512368298649,51.5176018757515],[-0.00387617726231628,51.5175742743251],[-0.00388001193335558,51.5175708332656],[-0.00390298049057099,51.5175375107888],[-0.00392256667819676,51.5175026918889],[-0.00396094256818162,51.5174485945902],[-0.00400543614285485,51.517379586899],[-0.00402288667342883,51.5173501264644],[-0.00410587136556393,51.5172053559715],[-0.00416654530112881,51.5171142356138],[-0.0042162199016248,51.5170490901158],[-0.0043068156264831,51.5169368117817],[-0.00434756911580185,51.5168908434072],[-0.00437104038459766,51.5168677778725],[-0.00439640603570092,51.5168448335994],[-0.00443039754307356,51.5168094501881],[-0.00446789582279624,51.5167753845761],[-0.00449195455964973,51.5167606000103],[-0.00451598187039924,51.5167465334575],[-0.00457051761864305,51.5167141965984],[-0.00462865751036652,51.5166837187646],[-0.00466174095178214,51.5166690877084],[-0.00469657459281654,51.5166552049714],[-0.00471117467973449,51.5166501492044],[-0.00476149999134855,51.5166325748201],[-0.00481355190199686,51.5166162879286],[-0.00484816394671728,51.5166074366389],[-0.00488453939244857,51.516599064994],[-0.00492180894436362,51.5165919675871],[-0.00497074349498244,51.5165844381777],[-0.00501877764677197,51.5165785130965],[-0.00506224300879481,51.5165737675231],[-0.00510386774772748,51.5165703404958],[-0.00512183459416931,51.5165698367163],[-0.00515977969788471,51.5165690432236],[-0.00519654856893243,51.5165706578588],[-0.00523427757807578,51.5165748059907],[-0.00526017889699272,51.5165803708102],[-0.00528510357079078,51.5165865485324],[-0.00529761302601875,51.5165885599161],[-0.00531364503892655,51.5165915296224],[-0.00533331911522929,51.5165954605815],[-0.00533955816640706,51.5165968248302],[-0.00538604488894439,51.516607235387],[-0.00543131759970727,51.5166209518376],[-0.00544194725056567,51.5166251786197],[-0.00547033189685208,51.5166364503955],[-0.00549582842699309,51.5166485714625],[-0.00551958286183394,51.5166624615238],[-0.00554409125248195,51.5166781621276],[-0.00556869811843568,51.5166943140565],[-0.00559043507396922,51.5167108659336],[-0.00561404816819993,51.5167279901962],[-0.005650712661953,51.5167537872291],[-0.00568555876393614,51.5167803627097],[-0.00568991013955586,51.5167841229843],[-0.00570797141860717,51.5168032203407],[-0.00572422357552216,51.5168229164505],[-0.00575010164887143,51.5168507774178],[-0.00577322395251652,51.5168791311082],[-0.00578411917761779,51.5168963088763],[-0.00579511042266533,51.5169140269639],[-0.00580329058608547,51.5169307988399],[-0.00580957158069387,51.5169529325014],[-0.00581664582400446,51.5169759780629],[-0.0058221112099708,51.5169950410915],[-0.00582756481468403,51.517014373713],[-0.00583355126830396,51.5170432454101],[-0.00583775359457003,51.5170721767032],[-0.00584213487285165,51.5170942780607],[-0.0058447595186881,51.5171158099632],[-0.0058496932953805,51.5171470010735],[-0.00585378175166121,51.5171785375357],[-0.00585479797931966,51.5171960855048],[-0.00585496350220066,51.5172140695278],[-0.005853668194438,51.5172437149261],[-0.00585142224521665,51.5172733450613],[-0.00584965588422387,51.517313771176],[-0.00584532281688958,51.5173721339617],[-0.00584541266719676,51.5174108838919],[-0.00584589896644554,51.5174405604791],[-0.00584908079341224,51.5174710913516],[-0.00585112469499766,51.517486859096],[-0.00585317003810567,51.5175026268648],[-0.0058588939218155,51.5175348196683],[-0.00586745893644634,51.5175672397317],[-0.00587296802120261,51.5175853146004],[-0.00588120942334277,51.5176034350219],[-0.00588701151437234,51.5176147711314],[-0.00590045907038132,51.517636127559],[-0.0059156829804304,51.5176576032131],[-0.0059384585879712,51.5176939510276],[-0.00597470004183036,51.5177512059206],[-0.00598650193797178,51.5177693877598],[-0.00599830532261264,51.5177875687233],[-0.00601688106429039,51.5178166535368],[-0.00603726206172499,51.5178452294639],[-0.00604470603596522,51.5178598300006],[-0.00605393413898198,51.5178743718366],[-0.00607429166595255,51.5179034860278],[-0.00609468839913313,51.5179317033945],[-0.00610570005746106,51.5179489716],[-0.00611756238145843,51.5179658055211],[-0.00615827361034237,51.5180241255318],[-0.00617110874119148,51.5180404355118],[-0.00618299073999954,51.5180568201163],[-0.00623086276543723,51.5181144524579],[-0.00624371360897106,51.5181304038802],[-0.00625656590138724,51.5181463553252],[-0.00627876668752856,51.5181740628443],[-0.00630278199601635,51.518201082671],[-0.0063326467098704,51.518238360233],[-0.00635399439715657,51.518266592805],[-0.00637621239863525,51.5182939417786],[-0.00640531677301822,51.5183295885808],[-0.00644698534829092,51.5183850470215],[-0.00646237204255321,51.5184028400808],[-0.00647692234647574,51.5184207079521],[-0.00649834330131681,51.518447233994],[-0.00652143576268484,51.5184736076818],[-0.00655153804316863,51.5185081931551],[-0.00657650289849228,51.5185352281491],[-0.00660055780807907,51.5185613492876],[-0.00661780338292208,51.5185773753425],[-0.00663516707759436,51.5185934034017],[-0.00666196079250919,51.5186193912107],[-0.0066897012398206,51.5186454850289],[-0.00670791568800239,51.51866107789],[-0.0067251613351576,51.5186771039272],[-0.00675294109939608,51.5187022991111],[-0.00678069982867071,51.518727943572],[-0.00679798084761498,51.5187431608414],[-0.00681443079614729,51.5187583639862],[-0.00684124432536236,51.5187839024405],[-0.00687080444781488,51.518809128742],[-0.00688905970465221,51.5188238229789],[-0.00690828374825248,51.5188380849305],[-0.00694057451446277,51.5188606588566],[-0.00699313951038294,51.5188952661395],[-0.00701336774909109,51.5189082861353],[-0.00704667199751578,51.518929439292],[-0.00708175403171762,51.5189507134698],[-0.00715803464517112,51.5189974097844],[-0.0072353195022297,51.5190428650052],[-0.00727139014154179,51.5190632566299],[-0.00730827375984508,51.5190841107955],[-0.00733034663342661,51.5190957241105],[-0.00735143112194935,51.5191082190156],[-0.0073909868797139,51.5191304674702],[-0.00743056229299399,51.5191522666018],[-0.00747557997947773,51.5191746078039],[-0.00751349136572106,51.5191936825863],[-0.00755225352882679,51.519212321265],[-0.00757256196547826,51.5192235439468],[-0.0075937485428185,51.519233703299],[-0.00763249115443279,51.5192527912581],[-0.00767222219108239,51.5192709976066],[-0.0076943124143023,51.5192822505277],[-0.00771725723884479,51.5192929792878],[-0.00775873088507262,51.5193121135849],[-0.00780117482239929,51.5193308147028],[-0.0078241236179922,51.5193414535791],[-0.00784613354958349,51.5193518067209],[-0.00788776607880948,51.5193700443829],[-0.0079293001044664,51.5193878316135],[-0.00795495636186649,51.5193990560102],[-0.00798243755735074,51.5194093212802],[-0.00802404470238339,51.519425401977],[-0.00806562057476227,51.5194421997548],[-0.00811518430604307,51.5194638993556],[-0.00815945340871975,51.5194816421128],[-0.00820282677048668,51.5194981115454],[-0.00823121410151405,51.5195093822491],[-0.00825769911160572,51.5195207105738],[-0.0083019237393009,51.519539441729],[-0.00834436809896302,51.51955814264],[-0.00836560990103126,51.5195670437809],[-0.00838861384628786,51.5195764244768],[-0.00843286351070088,51.5195946173329],[-0.00847530797250413,51.519613318194],[-0.00849646746939246,51.5196241064059],[-0.00851842281829803,51.51963571658],[-0.0085582192116154,51.5196551818069],[-0.00859872078235611,51.5196748388467],[-0.00861986464946556,51.5196859864819],[-0.00864277070806979,51.5196976127694],[-0.00868060460270732,51.519718483488],[-0.0087175878640619,51.5197397884957],[-0.00876048731499677,51.5197671282823],[-0.00877004983722695,51.5197740334242],[-0.00879801166683731,51.5197950953395],[-0.00882317445617306,51.5198176385164],[-0.00883966852131407,51.5198318537708],[-0.00885436519632204,51.5198463973276],[-0.00886895601349328,51.5198633671485],[-0.00888422510398542,51.5198838538834],[-0.00889771385133182,51.5199043112965],[-0.00890874902732357,51.5199210409033],[-0.00891880758882896,51.5199383825308],[-0.00893289674045524,51.5199668510462],[-0.00894695990297047,51.5199959486157],[-0.00895886150921898,51.5200118835674],[-0.00900717461934191,51.5202883444333],[-0.00901350109885474,51.5203694537736],[-0.00901899892493649,51.520450460019],[-0.00902340435843448,51.5205129270013],[-0.00902788086507966,51.5205764743275],[-0.00903105133462625,51.5206291208679],[-0.00903229838434461,51.5206822743335],[-0.00903296553878245,51.5207078180814],[-0.00903186802837097,51.5207329721672],[-0.00902942133866391,51.5207482139471],[-0.00902287994423962,51.5207728260005],[-0.00901465670153228,51.5207978591513],[-0.00900279096021596,51.5208219312],[-0.0089891394533882,51.5208460637678],[-0.00898623206477134,51.5208500593964],[-0.00886066750098513,51.521104690502],[-0.00869532576701367,51.5213638594922],[-0.00867820979277755,51.5213856850226],[-0.00866093895226992,51.5214083172766],[-0.00864467760477563,51.5214296177401],[-0.00862841232072727,51.5214510080634],[-0.00861434884585876,51.5214655130821],[-0.00859365153281538,51.5214849405759],[-0.0085712326524375,51.5215029899194],[-0.00853490260919775,51.5215293445032],[-0.0085217799867892,51.5215413483916],[-0.00850961196723663,51.5215532785552],[-0.00848966874457907,51.5215745165006],[-0.00847158622048456,51.5215966853123],[-0.00845224124118173,51.5216287221026],[-0.00843453500861171,51.5216613253801],[-0.00841491942952565,51.5216995608245],[-0.00839516220798717,51.5217383325324],[-0.00825499492739832,51.5220196856713],[-0.00816591476357388,51.5222034624533],[-0.00815675923315911,51.5222253331479],[-0.00814499462822962,51.5222470696173],[-0.00814406401596829,51.5222493011253],[-0.00813252683855388,51.5222658274131],[-0.00812101318940687,51.5222818145298],[-0.00811527645891529,51.5222880103129],[-0.00810209859571723,51.5223012722237],[-0.00808620534583488,51.5223141274184],[-0.0080695069226587,51.5223263403419],[-0.00805286481244053,51.5223372961227],[-0.00803228208404268,51.5223541175642],[-0.00801633775950784,51.5223681418507],[-0.00800213072121556,51.5223831839445],[-0.00798582950045848,51.5224053829447],[-0.00797324539262631,51.5224268357019],[-0.00795536593953266,51.5224633919328],[-0.00793839793315976,51.5225008629206],[-0.00792154945769712,51.5225383359364],[-0.00790365030409917,51.5225753414691],[-0.00781363380202725,51.5227995582111],[-0.0078054879659873,51.5228227949567],[-0.00780090833893478,51.5228460023288],[-0.00779893536222136,51.5228694329198],[-0.00779860194801784,51.5228770693654],[-0.00779862556316835,51.5228982865507],[-0.0078012714905573,51.5229193684067],[-0.00780426504818101,51.5229324552444],[-0.00782071042294252,51.5229695942996],[-0.00784158848019068,51.5230059102337],[-0.0078660700100095,51.5230440850145],[-0.00789332196540478,51.5230814075453],[-0.00789925993136829,51.5230896900435],[-0.00801510648745249,51.5232430521308],[-0.00803595371473157,51.5232610275214],[-0.00804446558138711,51.5232702520929],[-0.00805401098638675,51.5232803035654],[-0.00807110578112547,51.5232998330502],[-0.00808471326646362,51.5233202916382],[-0.00808805987343877,51.5233252936107],[-0.00810285906494023,51.5233565611228],[-0.00811229443758597,51.5233881872113],[-0.00811534494108025,51.5234027129553],[-0.00812403909810706,51.5234513184048],[-0.00812643194282076,51.5234999958332],[-0.00812893289794422,51.5235652174012],[-0.00812703493316805,51.5236304551162],[-0.00812680355914124,51.5236357551574],[-0.0081215780920725,51.5236928446363],[-0.00811281234499128,51.5237493344426],[-0.0080901638052204,51.5238352558971],[-0.00808052175347848,51.5238900230876],[-0.00807316524908436,51.5239550773049],[-0.00805635389042167,51.5241332482479],[-0.00805261526348588,51.5243440962336],[-0.00804244226382358,51.5244927125365],[-0.00803467783441955,51.5245262939272],[-0.00802773343080953,51.524584612317],[-0.00801801398303815,51.5246819915972],[-0.00800817477121901,51.5247848535683],[-0.00800778255803113,51.5247938370379],[-0.00800383006570939,51.5248217295324],[-0.00799664572216166,51.5248610743804],[-0.00798862084909355,51.5249005857144],[-0.00798196644026222,51.5249304997891],[-0.00797518461092967,51.524960591557],[-0.00796779121334725,51.524985638758],[-0.00796041738545517,51.525010237549],[-0.00795215750724628,51.5250360784943],[-0.0079437519916162,51.5250625473638],[-0.00791923263396822,51.5251286591218],[-0.00790613985548875,51.5251590034576],[-0.00789312738917083,51.5251902484386],[-0.007880246372306,51.52521574204],[-0.00786747317495966,51.5252415063565],[-0.00784028938353972,51.5252869855905],[-0.00782650070845919,51.5253114745668],[-0.00781107068267474,51.5253354860337],[-0.00779201785996117,51.5253607849146],[-0.00777013378310869,51.5253855860817],[-0.00776166433927436,51.5253944324133],[-0.00774268557212857,51.5254153269592],[-0.00771263197016607,51.5254448446379],[-0.00768630951557905,51.5254705596449],[-0.00760739440124345,51.5255438382438],[-0.00759223709514694,51.5255588640174],[-0.00758278352108235,51.5255711997909],[-0.00757413321288521,51.5255814817753],[-0.00756558681352854,51.5255921243331],[-0.00754164673753313,51.5256258802984],[-0.00753304535713171,51.5256377818012],[-0.00752607755357168,51.525650338734],[-0.00751840591665635,51.5256627047599],[-0.00751058868619627,51.5256756978038],[-0.0075018093751154,51.525691641211],[-0.00749389408978622,51.525706879871],[-0.00748592433508092,51.5257260735055],[-0.00747876223809246,51.5257458204175],[-0.0074670630186688,51.5257850881327],[-0.00746247675687653,51.5258084749738],[-0.00745789693577283,51.5258316811702],[-0.00745339664563631,51.5258721502534],[-0.00745166137079411,51.5258901017417],[-0.00745004570082923,51.5259080543615],[-0.0074498178795212,51.5259323236574],[-0.00745056433531793,51.5259560708328],[-0.00745441633192357,51.5259930855522],[-0.00746195245683714,51.5260273759847],[-0.00747060378631538,51.5260769684896],[-0.00747526190281097,51.5260927803595],[-0.00747906919360024,51.5261090274181],[-0.00748200165459434,51.5261235519029],[-0.00748684068152656,51.5261379280082],[-0.0074907670843325,51.5261514801705],[-0.00749648829446209,51.5261647031002],[-0.00750291276625993,51.5261809037717],[-0.00751038401136532,51.52619766268],[-0.00751620720165214,51.5262085501309],[-0.00752204756797284,51.5262190772649],[-0.00753387335554136,51.5262368093845],[-0.00754314680921257,51.5262503624103],[-0.00756190105427306,51.5262754935806],[-0.0075808539273557,51.52629604273],[-0.00759715390180478,51.5263147491857],[-0.007616204808204,51.526333053611],[-0.00764385055093786,51.5263586954473],[-0.00767163550771353,51.5263838900043],[-0.00769759738537634,51.5264072550563],[-0.00772452965038991,51.5264301878409],[-0.00778722486289419,51.5264806987797],[-0.00782209199803797,51.5265070018397],[-0.00791722275401703,51.5265769427018],[-0.00797831287394876,51.52662337956],[-0.00800096730053799,51.5266408458218],[-0.00802362426506712,51.5266582212957],[-0.00804795879322543,51.526678053278],[-0.00807061376742419,51.526698216453],[-0.00809489346205243,51.5267193055764],[-0.00811737151244415,51.5267408146472],[-0.00814077936314014,51.5267627882336],[-0.00816226355644992,51.5267852687253],[-0.00818636687672335,51.5268104006613],[-0.00820958264706568,51.526836776508],[-0.00825073585243623,51.5268852120138],[-0.00827120070796561,51.5269119907902],[-0.00829070698537063,51.5269389322477],[-0.00830770336806785,51.526963494791],[-0.00831957281547688,51.5269802374689],[-0.00833236413523992,51.5269976261823],[-0.00833913401610801,51.5270059217679],[-0.00834419045854442,51.527015357325],[-0.00835013692060875,51.5270234599789],[-0.00835330353628674,51.5270325936779],[-0.00836822198033652,51.5270611658699],[-0.00839283384333387,51.5271182215654],[-0.00841162029510694,51.527161692897],[-0.00843258784061914,51.5272177874577],[-0.0084529961263317,51.5272676702414],[-0.00846750303761143,51.5273056750951],[-0.00848315682254086,51.5273392039491],[-0.00849066636872015,51.5273550641668],[-0.00849553807839205,51.527366025344],[-0.00850467484581394,51.527382721623],[-0.00851394683804444,51.5273990613865],[-0.00852475977499472,51.5274182141458],[-0.00853749642280341,51.5274368599886],[-0.00854508387355957,51.5274482269619],[-0.00856477280098622,51.527473733533],[-0.00857576612746762,51.5274887535957],[-0.0085981663685692,51.5275120588931],[-0.00861614976860279,51.5275330410491],[-0.0086230863645341,51.5275402612188],[-0.00863086988584887,51.527547136052],[-0.00864485000731263,51.5275590602418],[-0.00865957997612215,51.5275701878099],[-0.00867103004791238,51.5275774845713],[-0.00868249436809897,51.5275844218645],[-0.00872545746677934,51.5276105032226],[-0.0087771795496754,51.5276428464501],[-0.00885373544800771,51.5276863096915],[-0.00889509700811031,51.5277082280575],[-0.00901220116964583,51.5277704491913],[-0.00913021729149675,51.5278335840511],[-0.00925276679034878,51.5278963469621],[-0.00933383651859727,51.5279371886447],[-0.00937524016679399,51.527958119252],[-0.00945452164572043,51.5279991103679],[-0.00953657634622495,51.5280391601705],[-0.00962202104052637,51.5280860092578],[-0.00974081120039707,51.5281505064269],[-0.00981471183660018,51.5281922153749],[-0.00985601406591203,51.5282154812967],[-0.00992989923103883,51.5282575496169],[-0.00997559514070676,51.5282836759538],[-0.0100371243412167,51.5283201408275],[-0.0101038784312149,51.5283594811146],[-0.0101293443201472,51.5283751960834],[-0.0101538593993512,51.5283908949233],[-0.0101687095215696,51.5284020252336],[-0.0101835425749425,51.528413514062],[-0.0101957602058297,51.5284222625216],[-0.0102061580539737,51.5284318784946],[-0.010233968494498,51.5284538363739],[-0.0102505391190116,51.528466343856],[-0.0102643875585211,51.5284786253229],[-0.0102756148295415,51.5284910421971],[-0.0102868445842134,51.5285033691851],[-0.0102988678568177,51.5285166088988],[-0.0103117027999343,51.5285303120099],[-0.0103255675696033,51.5285449309537],[-0.0103402440124204,51.5285600132942],[-0.0103537933496557,51.5285791223461],[-0.0103664932900976,51.5285986666303],[-0.0103740603353635,51.5286104827696],[-0.0103816131911809,51.5286226574773],[-0.0103900488712122,51.5286363750158],[-0.0103985094668947,51.5286495543123],[-0.010406633589822,51.528667672999],[-0.0104148983641066,51.5286853435347],[-0.0104247087441715,51.5287084350072],[-0.0104327135705908,51.5287320345295],[-0.0104408201984745,51.528753299469],[-0.0104470305619491,51.5287744414305],[-0.010454223740165,51.5287975775538],[-0.0104595009827462,51.5288210418003],[-0.0104689588984381,51.5288522180409],[-0.0104732853169786,51.5288756661657],[-0.0104836244636752,51.5289275343021],[-0.010494061505434,51.5289771577159],[-0.0104999670194648,51.5290080039426],[-0.0105044404675287,51.5290308250681],[-0.0105149216623924,51.5290576131201],[-0.0105289911841293,51.5290866202601],[-0.0105439169377036,51.5291151023516],[-0.0105599448727181,51.5291400968666],[-0.0105769183086151,51.5291651973361],[-0.010589618494476,51.5291847415971],[-0.0106049698081589,51.5292034315306],[-0.0106256876583768,51.5292244606216],[-0.010647374559057,51.5292450556019],[-0.0106707058289601,51.52926612899],[-0.010694176323591,51.5292867541984],[-0.0107037411089916,51.5292936590858],[-0.0107273824909136,51.5293103321872],[-0.0107528309522256,51.5293264963545],[-0.0107668545852464,51.5293347349047],[-0.0107959441788993,51.5293491631428],[-0.0108269732186468,51.5293627249784],[-0.0108517827730694,51.5293716859183],[-0.0109095556232055,51.5293880382779],[-0.0109675484589009,51.5294020571305],[-0.0110138412661319,51.5294145287329],[-0.0110593405172735,51.5294260884941],[-0.0111101901094973,51.5294376480944],[-0.011162040015621,51.5294480564727],[-0.0112165072562728,51.5294584192597],[-0.0112711136814559,51.5294683347443],[-0.0113363747350382,51.5294792401137],[-0.0114016710676574,51.5294893367001],[-0.0116139341476955,51.5295203542309],[-0.0118632705104716,51.5295462450618],[-0.01193949393225,51.529553829565],[-0.0119835299320194,51.5295580818737],[-0.0124007384232528,51.5295998513012],[-0.0126159864398043,51.5296223762886],[-0.0127701007828656,51.5296429663323],[-0.0128703424864437,51.529658598082],[-0.0129205118594041,51.5296639430987],[-0.013022576328196,51.5296787072114],[-0.0131342616591044,51.5297018148053],[-0.0132670450555949,51.5297345392951],[-0.0134140374499924,51.5297739780381],[-0.013554739658333,51.5298132192875],[-0.0136812043675348,51.5298463759029],[-0.0136848476614469,51.5298473368445],[-0.0137926401543575,51.5298752321785],[-0.013829969357384,51.5298861130065],[-0.0138654446236971,51.5298985802327],[-0.0138822996979956,51.5299046199491],[-0.0139150496101434,51.5299196480199],[-0.013946836948347,51.5299349295715],[-0.013968853268945,51.5299452814047],[-0.0139900070243541,51.5299563380524],[-0.0140049783712921,51.5299646821766],[-0.0140171790443155,51.5299738786787],[-0.0140215558907561,51.5299770993035],[-0.0140328808202853,51.5299872701811],[-0.0140758679006042,51.5300347463055],[-0.0141201937703421,51.5301115532191],[-0.0141422109141511,51.5301437510288],[-0.0141679051775393,51.5301761009887],[-0.0141946511902981,51.5302034337214],[-0.0142320191623178,51.5302352617991],[-0.0143897579254848,51.530317404092],[-0.0144921663490598,51.5303652560196],[-0.0146553369747925,51.530426363279],[-0.0147976445451454,51.5304697659237],[-0.0149338300308766,51.5305063220963],[-0.0150864682936186,51.5305418075026],[-0.0152984641077474,51.5305982550707],[-0.015487555068863,51.5306428977524],[-0.0157341842710462,51.530731215863],[-0.0159691928439235,51.5308188882375],[-0.0161767843089646,51.5308946785909],[-0.0163875995817285,51.5309783440256],[-0.0165534196051363,51.5310387739788],[-0.0166926189499791,51.5310908419906],[-0.0168853035849149,51.5311786955407],[-0.0171223660390562,51.5313012811953],[-0.0172191609297586,51.5313553298457],[-0.0173314279255664,51.5314253716698],[-0.0173909544703644,51.5314671026715],[-0.0174467297158749,51.5315103889521],[-0.0175073583717777,51.5315650844134],[-0.0175955042413634,51.5316731964596],[-0.017672751625221,51.5318050377346],[-0.0177282057769411,51.5318967747483],[-0.017782823475299,51.5319885875311],[-0.0178529477567023,51.5320737405262],[-0.0179531778350127,51.532171897342],[-0.0180374700686785,51.5322456017027],[-0.0181007086074534,51.5323032176877],[-0.0181276010806896,51.5323272255661],[-0.0181544793674965,51.532351593806],[-0.0181767695971455,51.5323775922693],[-0.0181986930108902,51.5324120349779],[-0.0182212810933102,51.5324722008482],[-0.0182285972136108,51.5325117906855],[-0.0182306525132043,51.5325684632472],[-0.0182261943896116,51.5326081240221],[-0.0182041342547546,51.5326808414736],[-0.0181194537574642,51.5328048236035],[-0.0180838186857529,51.5328588821178],[-0.0180228633019697,51.5329539567499],[-0.0179995253481576,51.5329931196852],[-0.017967806837145,51.5330609986554],[-0.0179572785204931,51.5330953429226],[-0.0179512500339169,51.5331301229001],[-0.0179497238507866,51.5331652487034],[-0.0179630184647677,51.5332313708873],[-0.0179975069588617,51.5333104372198],[-0.0180247902265716,51.5333665466751],[-0.0180738397875409,51.5334415433131],[-0.0181544297644081,51.5335348736581],[-0.0182146335583551,51.5336021477291],[-0.0182529046528863,51.5336324609698],[-0.018296789540515,51.5336594532104],[-0.0183460381790206,51.5336888731046],[-0.0183863132036005,51.5337140957132],[-0.0184951973904803,51.5337801231963],[-0.0186137202918172,51.5338541342137],[-0.0186181149376774,51.5338569952218],[-0.0187098370155118,51.5339239912155],[-0.0187936681097832,51.5339838423503],[-0.0188556330683735,51.5340325349969],[-0.0188934920243107,51.5340723713094],[-0.0189215991424774,51.5341095251078],[-0.0189380275531209,51.5341254451519],[-0.0189482335665481,51.5341395524892],[-0.0189490636001382,51.5341423533418],[-0.0189578739762124,51.5341666852506],[-0.0189617249968702,51.5341820333762],[-0.0189791742007295,51.5342374379471],[-0.0190062663742574,51.5343198853861],[-0.0190250598216614,51.5344456151197],[-0.0190260315379962,51.5345081130256],[-0.0190285099680013,51.534574232545],[-0.0190664953217147,51.5347152094931],[-0.0190922533365068,51.5348092314199],[-0.0191361324951704,51.53489663734],[-0.0191917202367878,51.5349881957644],[-0.019257139675487,51.5350778525809],[-0.0193328058828446,51.535183414987],[-0.0194094442735881,51.5352857563529],[-0.0195464574452884,51.5354515983816],[-0.0196632208064188,51.5355854532942],[-0.0198163098738989,51.5357343054542],[-0.019898012355134,51.5358022105757],[-0.0199931228465801,51.5358761852052],[-0.0200330318560485,51.5359099415153],[-0.0200739152842414,51.5359431755768],[-0.0201037162576831,51.5359632768242],[-0.0201414989652833,51.5359857599287],[-0.0202683595429802,51.5360322195459],[-0.0204578930864105,51.5360892661038],[-0.0206096802329317,51.5361421697915],[-0.0207354323092079,51.5361922972207],[-0.0208569443341674,51.5362387568533],[-0.0209523821718746,51.5362833380627],[-0.0209763378590156,51.5363121507337],[-0.0210012860245051,51.5363399909266],[-0.0210430590330737,51.53639382757],[-0.021083014709999,51.5364484411159],[-0.0210958228166929,51.5364656487246],[-0.0211104236099783,51.5364826167619],[-0.021123230334302,51.5364998234447],[-0.0211341130594442,51.5365175381644],[-0.021136667257363,51.536521716064],[-0.0211414480144176,51.5365348324857],[-0.0211483594051574,51.5365646168577],[-0.0211512227873952,51.5365808475206],[-0.0211520295493804,51.5366033357337],[-0.0211502082762137,51.5366261402663],[-0.0211498731128537,51.5366338665625],[-0.0211496393014326,51.5366392564584],[-0.0211483299093586,51.5366694409535],[-0.0211496485757861,51.5366801618205],[-0.0211509984280529,51.5366901637951],[-0.0211541565588996,51.5366995667527],[-0.0211793481451357,51.5367629223726],[-0.0212044579780952,51.5368281641805],[-0.0212119527488192,51.5368417759704],[-0.021219585170907,51.5368549404432],[-0.0212329662652866,51.5368780901893],[-0.0212463487748641,51.5369012408569],[-0.0212496004516652,51.5369084880331],[-0.0212577929765336,51.5369279550496],[-0.0212641782767134,51.5369479302754],[-0.0212670456181859,51.5369640710731],[-0.0212689398101682,51.5369834319531],[-0.0212680824898844,51.5370031961026],[-0.0212635433788739,51.5370255951268],[-0.0212580352312005,51.5370484265582],[-0.0212507640824345,51.5370707795434],[-0.0212415923216551,51.5370931005],[-0.021229666387292,51.5371186115249],[-0.0212142003704288,51.5371435233289],[-0.0211960047601345,51.5371682992051],[-0.0211759993915524,51.5371936740712],[-0.0211540844258328,51.5372219825535],[-0.0211320264053241,51.5372508290839],[-0.021111189536662,51.5372761899269],[-0.0210910269312879,51.537302461402],[-0.0210692833118032,51.5373268177572],[-0.0210466315239928,51.5373501696035],[-0.0210098267467345,51.5373873079729],[-0.0209731571029732,51.5374240889],[-0.0209646893702136,51.5374329362133],[-0.0209447643512423,51.537453727906],[-0.0209222293587951,51.5374743847802],[-0.0208923437453998,51.537500042714],[-0.0208605560743055,51.5375256676829],[-0.0208288750011325,51.5375488682032],[-0.0207955686178139,51.5375711411489],[-0.0207666911620313,51.5375927702182],[-0.0207359140704622,51.5376142773339],[-0.0207071339992896,51.5376336607489],[-0.0206765972889662,51.5376523850562],[-0.0206349878457975,51.5376769460358],[-0.0205916831156408,51.5376995000246],[-0.0205457149494864,51.5377203922079],[-0.0204591961814087,51.5377606473621],[-0.0203122115211735,51.5378243369808],[-0.0201689928758449,51.537886202344],[-0.0200256932515535,51.5379471668991],[-0.0199046961792205,51.537995561437],[-0.0198680334558872,51.5380102263397],[-0.0198312135402923,51.5380257878532],[-0.0197833506111372,51.5380492538864],[-0.019736343646459,51.5380748916909],[-0.0197123099872691,51.5380889610766],[-0.0196686468791348,51.5381169933554],[-0.0196277769264144,51.5381464207347],[-0.0195831652644089,51.5381771339044],[-0.0195237258906856,51.5382180258428],[-0.019474964054432,51.5382621535711],[-0.019446409966813,51.5382543905573],[-0.0194350327086601,51.5382672345199],[-0.0194121416884088,51.5382960657958],[-0.0193626969855902,51.5383559156375],[-0.0193293171706215,51.5383990446756],[-0.0192959971450497,51.538438038958],[-0.0192730473795691,51.538468219026],[-0.0192519592617186,51.5384993288655],[-0.0192351700509144,51.5385327584989],[-0.0192204505613742,51.538559570223],[-0.0192084528641939,51.5385866985388],[-0.0191924976123883,51.538622839153],[-0.0191790768054374,51.5386608210633],[-0.0191610229844689,51.5387042085841],[-0.0191407173208523,51.5387556497724],[-0.0191316272567998,51.5387787804022],[-0.0191201279771856,51.538816345084],[-0.0191085480997891,51.5388530091324],[-0.0190979138793783,51.5388897799587],[-0.0190783484583591,51.5389460878984],[-0.019063049976591,51.5389889823225],[-0.0190548263664456,51.5390113191172],[-0.019042516353757,51.5390456336326],[-0.0190263423314067,51.539086804664],[-0.0190122653237332,51.5391207305578],[-0.0190021825648566,51.5391448336316],[-0.0189885113276401,51.5391694157303],[-0.0189670743333897,51.5392058235477],[-0.0189457490066333,51.5392396262537],[-0.0189107147408239,51.5392989096832],[-0.0188922594915477,51.5393296142451],[-0.0188864450990314,51.5393403047261],[-0.0188683995146616,51.5393615765302],[-0.0188493067093698,51.5393850788456],[-0.0188303906327376,51.5394072343313],[-0.018818993393185,51.5394205275379],[-0.0188066606895687,51.5394334452515],[-0.0187935082225451,51.5394460793514],[-0.0187803649956118,51.5394585337513],[-0.0187766399305169,51.5394621570218],[-0.018762553430054,51.5394744156504],[-0.0187484771907709,51.5394864046688],[-0.0187186749069356,51.5395100850829],[-0.018715845194002,51.5395122846218],[-0.0186926067988409,51.5395271765742],[-0.018669468515021,51.5395425189484],[-0.0186480282825589,51.5395570806238],[-0.0186267154480513,51.5395714645904],[-0.0186100695137205,51.5395824210342],[-0.018592449037822,51.5395939014951],[-0.0185785366294903,51.539602117212],[-0.0185655533088443,51.5396108881679],[-0.0185507029299253,51.5396188191722],[-0.0185359551338466,51.5396271107155],[-0.018514677365214,51.5396406859087],[-0.0184942139583231,51.5396546354483],[-0.0184396415778368,51.5396874274117],[-0.018417334598763,51.5397027837661],[-0.0183932450585392,51.5397181100358],[-0.0183783815226847,51.5397290974253],[-0.018361631482899,51.5397396923694],[-0.0183438938398185,51.539753866837],[-0.0183252494565072,51.5397670376995],[-0.0182797672780502,51.5397985450561],[-0.0182555971800624,51.5398157574678],[-0.0182314297637678,51.5398328806347],[-0.0182054251809193,51.539851230851],[-0.0181784865700341,51.5398692055771],[-0.0181598423422812,51.5398823761829],[-0.0181403808571739,51.539895172374],[-0.0181199736011507,51.5399078635599],[-0.0181014475039375,51.5399210361512],[-0.0180817975412098,51.5399354478399],[-0.0180614108379793,51.5399503866451],[-0.0180167540030579,51.5399820871235],[-0.0180083424245901,51.5399895870658],[-0.0179932422396256,51.5400032662427],[-0.0179791878097834,51.5400175035444],[-0.0179612823111052,51.5400355408696],[-0.0179459868935588,51.5400537122069],[-0.0179316631139669,51.540074147237],[-0.0179171976897069,51.5400951203355],[-0.0178990383925574,51.5401189968378],[-0.0178817066382748,51.540142977243],[-0.017871240638208,51.5401567355824],[-0.0178607512406949,51.54017103219],[-0.0178461320925715,51.5401955080473],[-0.0178324459170452,51.540220449299],[-0.0178204041872548,51.5402485648827],[-0.0178110985237286,51.5402766367568],[-0.0178055453065419,51.5403004573079],[-0.0177990644784099,51.540323721726],[-0.0177908621245776,51.5403483059714],[-0.0177824986403545,51.5403738766942],[-0.0177740439241762,51.5404015133029],[-0.0177683189183834,51.5404292859508],[-0.0177646702780973,51.5404530487456],[-0.0177626807131259,51.5404769285949],[-0.017761587550554,51.5405020825687],[-0.0177622613181651,51.5405276261001],[-0.0177648709518435,51.5405523929886],[-0.017768229006432,51.5405763640738],[-0.017771435882562,51.5406065348884],[-0.0177746661548737,51.5406361674339],[-0.0177781424231783,51.5406601396163],[-0.0177816459925039,51.5406834836681],[-0.017782311999565,51.540709206023],[-0.0177838885576991,51.5407358439314],[-0.0177848903012657,51.5407538409108],[-0.0177851346196836,51.5407892664878],[-0.0177835418482437,51.5408067700021],[-0.017781056530273,51.5408229104289],[-0.0177766470486437,51.5408395579146],[-0.0177696118416523,51.5408564299263],[-0.0177607876545336,51.5408734524701],[-0.0177556701707074,51.5408872112213],[-0.0177487691322844,51.5409010288705],[-0.0177438390599487,51.5409104751778],[-0.0177305859883309,51.5409254445012],[-0.0177164115837091,51.5409396797397],[-0.0177013681145055,51.5409547986682],[-0.0176845679629227,51.5409692584269],[-0.0176676627928358,51.5409834466272],[-0.0176435999508989,51.5409981442932],[-0.0176168322526988,51.5410121658674],[-0.0175799326157529,51.541032219443],[-0.0175569681570617,51.5410408223925],[-0.0175331864280794,51.5410490509213],[-0.0175012739738456,51.5410583111291],[-0.0174684040461464,51.5410677350055],[-0.0173679466856257,51.5410975032252],[-0.0173314998747394,51.5411071355086],[-0.017294115078722,51.5411164830489],[-0.0172594663996645,51.5411257868831],[-0.0172257922365985,51.5411345676104],[-0.01719023294495,51.5411429567641],[-0.0171565885679267,51.5411510185566],[-0.0170955326241863,51.5411660792843],[-0.0170362094552596,51.5411822483894],[-0.0169897608042714,51.5411949480228],[-0.0169441098530751,51.5412084713632],[-0.0169375913175752,51.5412106984085],[-0.0169074001432051,51.5412214263781],[-0.016877191924616,51.5412325128616],[-0.016799421171862,51.5412600570125],[-0.0167626772402458,51.5412765167669],[-0.0167294749617175,51.5412935768329],[-0.0167027146333279,51.5413074184642],[-0.0166777095188069,51.5413219192472],[-0.0166536188748379,51.5413372448268],[-0.0166293328745324,51.5413570625617],[-0.016607761034509,51.5413773749057],[-0.0165887861384648,51.5413980917502],[-0.0165858937222353,51.5414017289767],[-0.0165648027271618,51.5414328371113],[-0.016546290571862,51.5414647990775],[-0.016520909609886,51.5415070737936],[-0.0164965939980884,51.5415494555401],[-0.0164737718250059,51.5415985153429],[-0.0164535427090594,51.5416480686105],[-0.0164483988307184,51.5416624563437],[-0.0164237346466185,51.5417319830096],[-0.0163978556248824,51.5418512935289],[-0.0163549942574031,51.5420685804284],[-0.0163241650318705,51.5421349462184],[-0.0162796201120314,51.5422077319904],[-0.0162129491080985,51.5422889546607],[-0.0161523012258751,51.5423574231491],[-0.0161360399752597,51.542378634495],[-0.0161207220090019,51.542400041641],[-0.0161071695768309,51.5424218383436],[-0.0160939640820384,51.5424547891693],[-0.0160912177298261,51.542476948427],[-0.01609402117097,51.5425163721925],[-0.0161001968012678,51.5425384125169],[-0.0161100871347725,51.5425597962303],[-0.016129638049548,51.5425887154977],[-0.016148331634038,51.5426154629166],[-0.0161635176506289,51.5426381052116],[-0.0162103184559296,51.5427020972037],[-0.0162655906037301,51.5427790874693],[-0.0163200851339795,51.5428521095705],[-0.0163691762241283,51.5429236023668],[-0.0164143160611066,51.5429847793597],[-0.0164651989066853,51.543058818565],[-0.0165115984756681,51.5431539094282],[-0.0165361225202363,51.5432325380466],[-0.0165479180848587,51.5432921630398],[-0.0165498372052759,51.5433300439832],[-0.0165506939666254,51.5433513648852],[-0.0165491904786351,51.5433668024294],[-0.0165398956505756,51.5434547486547],[-0.0165167302659517,51.5435745544795],[-0.0165084849261267,51.5437422612594],[-0.0165076062616549,51.5438882465819],[-0.0165230743099063,51.5440083457495],[-0.0165430091457449,51.5441296004436],[-0.0165789455413996,51.5442356617616],[-0.0166254552375729,51.5443473864421],[-0.0166869006824582,51.5444492944273],[-0.0167454791447703,51.5445733596088],[-0.0167765027145372,51.5446885076879],[-0.0168081610768286,51.5448519438227],[-0.0168237810374671,51.5449685401518],[-0.0168482444923905,51.5450294574369],[-0.0168743608076074,51.5451316674752],[-0.01687927134839,51.5452675915639],[-0.016897907266899,51.5453996118789],[-0.0169277558550925,51.5456265778142],[-0.0169508106078661,51.5458210641756],[-0.0169754646488221,51.545978808191],[-0.0170089746302726,51.5460996618203],[-0.0170425642884734,51.5462187200434],[-0.0170679750902609,51.5463180404394],[-0.0173291707441374,51.5471318362095],[-0.0173380122731249,51.5471582362072],[-0.0173760645813001,51.5473196228446],[-0.0174082275929566,51.5474277783751],[-0.0174478674922824,51.5475526913335],[-0.0174854985068763,51.5476636361433],[-0.0175277481212405,51.5477695349348],[-0.0175658512966738,51.5478477632539],[-0.0176209868690873,51.547947226927],[-0.017679278558975,51.5480370335769],[-0.017681847166167,51.5480408530082],[-0.0177475197659452,51.5481468776614],[-0.0178026028654937,51.548247598442],[-0.0179055556075098,51.5483878756132],[-0.0179696206433113,51.5484926140085],[-0.0180215488061641,51.5486029908121],[-0.0180691071911944,51.5487126642914],[-0.0181186165318273,51.5488185056419],[-0.0181495421001468,51.5488949947463],[-0.0181928289648548,51.5489962355107],[-0.018291128455588,51.5492874674776],[-0.0183245927077551,51.5493876425095],[-0.0183803480981957,51.5494948464656],[-0.018444838441665,51.5496090304323],[-0.0185186509890193,51.5497358679053],[-0.0186122240950847,51.5498841652728],[-0.0186615973457598,51.5499713039071],[-0.0187122187500752,51.5500516309232],[-0.0187698134462261,51.5501576067298],[-0.0188191011826915,51.5502275722908],[-0.0188621622722793,51.5503149640557],[-0.0189148880107236,51.5504508851673],[-0.0189356512658912,51.5505341237784],[-0.0189397050624925,51.5506269705688],[-0.0189321647372116,51.550715664998],[-0.0189163889672765,51.5508105144802],[-0.0188620583539849,51.5510864934394],[-0.018839858509282,51.5511594785382],[-0.0188290028512391,51.5512232144892],[-0.0188241791275692,51.5512931663209],[-0.0188332803275817,51.5513327860388],[-0.0188427367314076,51.5513642311055],[-0.0188671209718553,51.5514462726262],[-0.0189106113448451,51.5515237821974],[-0.018958732084894,51.5515796138667],[-0.0189822739103416,51.5515961924164],[-0.018376891830332,51.5515857091584],[-0.0181913854726417,51.5515823988153],[-0.0178112125922777,51.5515758868293],[-0.017362517310828,51.5515698335283],[-0.0173201749620894,51.5515699273644],[-0.0172795633920775,51.551571218582],[-0.0171738076609479,51.5515773431672],[-0.0171729207818979,51.5515539535079],[-0.0171692159696321,51.5514941965931],[-0.0171637027187264,51.5514158895916],[-0.0171626244066754,51.5513969022103],[-0.0169803431438219,51.5514015534949],[-0.0169198581692986,51.5514031381914],[-0.01693861565838,51.5514695325302],[-0.0169519691349018,51.5515152476909],[-0.0169641994124473,51.5515648997459],[-0.0168593700764427,51.5515715792653],[-0.0167518821320667,51.551576505143],[-0.0166678596669537,51.5515805686061],[-0.0166216924876249,51.5515838340004],[-0.016599986075467,51.5515879616088],[-0.016519841429625,51.5516040480822],[-0.0164971577709118,51.5516087886384],[-0.0164375065862202,51.5516130840836],[-0.0163803708701398,51.5516196701951],[-0.0161422053130364,51.5516458498597],[-0.0159220666922992,51.5516704463162],[-0.0156238715716551,51.5517068479437],[-0.0154642599669185,51.5517261741248],[-0.015275815015869,51.5517494178658],[-0.0149260633989824,51.5517898897558],[-0.0146198490244762,51.5518247143135],[-0.0143407323403739,51.5518572098349],[-0.0140380346863573,51.5518931715029],[-0.0138514716750165,51.5519141076018],[-0.0137862470806339,51.5519207344695],[-0.0136151939489645,51.5519569460171],[-0.0132945283238353,51.5520121992909],[-0.0130035536007167,51.5520684050385],[-0.0127136455552472,51.5521219303236],[-0.0124346665444461,51.5521730339488],[-0.0122483592069742,51.5522071865441],[-0.0120556298769958,51.5522440168606],[-0.0119120071364564,51.5522702618599],[-0.0118364468486364,51.5522875010102],[-0.0117580047699693,51.5523081075928],[-0.0116764889509138,51.5523364829586],[-0.0115225574404119,51.5523945576921],[-0.0112699588257649,51.5524815259382],[-0.0109346991831915,51.5526012545691],[-0.0108417788085914,51.5526238623489],[-0.0107834894845155,51.5526377983488],[-0.0107580547387762,51.5526428508501],[-0.0107307266205531,51.552647691391],[-0.0106726136178482,51.5526575845231],[-0.0106482359903436,51.5526602278027],[-0.0106237504856838,51.552662599468],[-0.0106065989630741,51.5526632079201],[-0.010587686509293,51.5526632469515],[-0.0105688054212329,51.5526625670981],[-0.0105508241163549,51.5526603737449],[-0.0105383046462598,51.5526583638275],[-0.0105159745102163,51.55265223168],[-0.0104946388340125,51.5526451271975],[-0.0104796864326093,51.5526389402912],[-0.0104371915144728,51.5526206884995],[-0.0103982023949753,51.5526038450424],[-0.01030522627527,51.5525650495104],[-0.0101742347648936,51.5525088873283],[-0.0100415600151725,51.5524504491853],[-0.00995481135978873,51.5524133776798],[-0.00986907303273825,51.5523749734485],[-0.00983043529139151,51.5523528318894],[-0.00975593728799714,51.5523021229253],[-0.00974194865573124,51.5522928956666],[-0.00972792620905485,51.5522844762735],[-0.0097243204261452,51.5522826174738],[-0.00970747738076188,51.5522761286189],[-0.00969157388930032,51.5522699254797],[-0.00967114916962244,51.5522637355688],[-0.00964876590891555,51.552258860431],[-0.00958285525769617,51.5522403019372],[-0.00948589107453521,51.5522111465925],[-0.00944322042021156,51.552196938164],[-0.00943047818017168,51.5521373874638],[-0.00942766126523476,51.552120168174],[-0.00942293528333082,51.552103097248],[-0.00941908616110705,51.5520877480068],[-0.00941852900554705,51.5520814454853],[-0.00941785613827857,51.5520750510741],[-0.00941354393559334,51.5520512444655],[-0.00940145608306918,51.552039352514],[-0.00938171875695238,51.552014743743],[-0.00936794596990529,51.5520005759338],[-0.00935501027057463,51.5519863314992],[-0.00934577295437167,51.551971791004],[-0.00933554658478191,51.5519581320948],[-0.00932444877450478,51.5519426607651],[-0.00931346772310278,51.5519271914154],[-0.0092802715331536,51.5518812278011],[-0.00925222728666271,51.5518425448263],[-0.00923944855405712,51.5518247068747],[-0.00921914887367546,51.5517938862922],[-0.00921248907058275,51.5517829847889],[-0.00920569534588488,51.5517724416188],[-0.00920240001589093,51.5517661825629],[-0.00919906941679131,51.5517607313494],[-0.00919581815142861,51.5517507869464],[-0.00918583111448053,51.5517316483564],[-0.00918263383252638,51.5517231436959],[-0.00917851022821125,51.5517140837576],[-0.00917363342062413,51.5517032125055],[-0.0091696064214879,51.5516919069384],[-0.0091632206645912,51.551672020112],[-0.0091514225287181,51.5516317243137],[-0.00914404678295284,51.5516154168562],[-0.00914213369211187,51.5515965951143],[-0.00913913042557991,51.551561842348],[-0.0091359904839084,51.5514894187741],[-0.00914832224997302,51.5513731163119],[-0.00915015071220005,51.551249534117],[-0.0091509351694999,51.5512315665869],[-0.0091507682925635,51.5512135838138],[-0.00914863001806615,51.5511808241101],[-0.00914553016388076,51.5511483169711],[-0.00914393479239415,51.5511222183559],[-0.00914152589840962,51.5510956572027],[-0.0091260923822241,51.5509942565797],[-0.00910339524145992,51.550895789311],[-0.00909865383821858,51.5508790769164],[-0.00909311997687007,51.5508614527073],[-0.00908742926463787,51.5508474211055],[-0.00908176349792201,51.5508328512658],[-0.0090762257247263,51.5508153169162],[-0.00907072330503406,51.5507969729267],[-0.00905581064707098,51.5507462853953],[-0.00903922097723995,51.5506931422836],[-0.00902206207713588,51.5506503283819],[-0.00900426429234316,51.5506057950292],[-0.00898376071149506,51.5505578893703],[-0.00898049295825018,51.5505510012889],[-0.00896567077037547,51.5505173069292],[-0.00894814922277676,51.5504855442018],[-0.00893591278610685,51.550458006879],[-0.00892541420929466,51.5504287904354],[-0.00889677826882894,51.5503628566098],[-0.00886583579038564,51.5502870843033],[-0.00884388700766658,51.5502314220864],[-0.00882862176562873,51.5501888200606],[-0.00877537388314167,51.5500655610005],[-0.00874192268418014,51.5499846211525],[-0.00873601641734298,51.549975530926],[-0.00873104428361366,51.5499668162602],[-0.00872595148115401,51.5499581894731],[-0.00872091660557721,51.5499509116728],[-0.00871223841281378,51.5499426727711],[-0.00870173803696258,51.5499353031115],[-0.00868426444721219,51.5499242180288],[-0.00867085484086162,51.5499208439026],[-0.00865923062474098,51.5499174101496],[-0.00863426934828265,51.5499116826189],[-0.008617254696958,51.5499091465701],[-0.00859842186339516,51.5499073881024],[-0.00857498313656182,51.5499076197757],[-0.00856320343774242,51.5499077795499],[-0.00855055145512301,51.5499088228874],[-0.00854060469259361,51.5499105425264],[-0.00852967674756006,51.5499129640266],[-0.00851777150454048,51.5499159984261],[-0.00850597267433657,51.5499193044112],[-0.00835916205224635,51.5499560088936],[-0.00824140843689953,51.5499890716138],[-0.00809198280223895,51.5500257322664],[-0.00797551760917232,51.5500510846782],[-0.00768983408081065,51.5501115020755],[-0.00735605284541401,51.5501785640643],[-0.00692121879796337,51.5502665638469],[-0.00657115062184223,51.5503361337533],[-0.00630209651449668,51.5503860417489],[-0.00624396975242483,51.5503962921961],[-0.00622939326567458,51.5504005390462],[-0.0062147771279296,51.5504029875833],[-0.00620483554726299,51.5504046171839],[-0.00619396630349795,51.5504056905596],[-0.0061784556516666,51.550409562721],[-0.00616386339925153,51.5504141699016],[-0.00615564194933181,51.5504172657595],[-0.00603949177409704,51.5504543993037],[-0.00590393096385796,51.5505029796573],[-0.00577477609466376,51.5505492406256],[-0.00572352282958877,51.5505681479508],[-0.00571334515383512,51.5505724703933],[-0.00570328426338346,51.5505767939206],[-0.00568411089712762,51.5505828510189],[-0.00567406961209255,51.5505867261429],[-0.00566484176574758,51.5505910647257],[-0.00557439468981168,51.5506169468474],[-0.00547211043074159,51.5506470331829],[-0.00527408238022398,51.5507017422244],[-0.00509610004483449,51.5507522072946],[-0.00483669837134456,51.5508287970705],[-0.00427060526604438,51.5509944769564],[-0.00425583550817948,51.5510004288679],[-0.0042384629466525,51.5510060667246],[-0.00422287725662006,51.5510116450466],[-0.00420549288842053,51.5510175524773],[-0.0041918437200181,51.5510223543958],[-0.00417627764418479,51.5510274843113],[-0.0039958218214489,51.5510936382774],[-0.0038603214821385,51.5511407783385],[-0.00378543598442606,51.5511616199393],[-0.00376085659328876,51.5511661459169],[-0.00371686983832298,51.5511005793231],[-0.00371261221137965,51.5510945735251],[-0.00370332719430862,51.5510811999323],[-0.0037061150598948,51.5510799883934],[-0.00366269662432756,51.5510204547335],[-0.00365992449690445,51.5510213068328],[-0.00363283682017399,51.5509826379228],[-0.00360559021663608,51.5509448655686],[-0.00358086158588317,51.5509120802175],[-0.00348598125459749,51.5509386946196],[-0.00344775413590656,51.5509480232905],[-0.00340294743571164,51.5509609260768],[-0.00272950677917123,51.551147156226],[-0.00194278901809856,51.5513671435402],[-0.00190715617357502,51.5513769655151],[-0.00187347026778521,51.5513857415164],[-0.00181872475579072,51.5514001821376],[-0.00181498552855767,51.551401377429],[-0.00174943097506031,51.5514182409053],[-0.00170197334013372,51.5514319063256],[-0.00168187534031999,51.5514373184275],[-0.00163984525602348,51.5514492786299],[-0.00158048957539485,51.5514657977378],[-0.00157783955333513,51.5514665619003],[-0.00137794483084464,51.5515230280049],[-0.00133774004185795,51.5515340293896],[-0.0013222131449123,51.5515382591898],[-0.00128848957901227,51.5515479331354],[-0.00127755317428901,51.5515505334924],[-0.00126204985851485,51.5515542250265],[-0.00120003910761865,51.5515689003596],[-0.0011928103835496,51.5515710243685],[-0.00106708356280144,51.5516013350423],[-0.00105615107219764,51.5516038455189],[-0.00100519082162912,51.551613315387],[-0.000993446368212183,51.5516153623788],[-0.000955181834058327,51.5516228014548],[-0.000903411067240955,51.551631806925],[-0.000837098522700302,51.551644251368],[-0.000812538630184619,51.5516483279514],[-0.000804403367974069,51.5516494472838],[-0.000773529058005316,51.5516537758776],[-0.000739064212798629,51.5516586718143],[-0.000657439752656892,51.5516704053803],[-0.000653859559772556,51.5516707040245],[-0.000589355978649457,51.5516798518972],[-0.000427958195690967,51.5517018224878],[-0.000345438906412598,51.5517122816016],[-0.000316526191072052,51.5517152946378],[-0.000260316809649543,51.5517224264767],[-7.84028188136605E-05,51.5517376627136],[7.6431164586859E-06,51.5517471630467],[5.11528229184973E-05,51.5517521742152],[0.000101816505230687,51.5517576028664],[0.000184288748295674,51.5517669841912],[0.000223266999415027,51.5517717129083],[0.000340142711951654,51.55178455199],[0.000361889714779098,51.5517868777956],[0.000861936170188979,51.5518427132985],[0.000871974079079597,51.5518438000396],[0.000969720176236723,51.5518543580362],[0.00101418140738346,51.5518593535056],[0.00103317597187648,51.5518612765373],[0.0010802739937864,51.5518667656322],[0.00109293439833263,51.5518679874407],[0.00121711825431335,51.551882049796],[0.00122345242349312,51.5518827510016],[0.00128416223058253,51.5518894464655],[0.00128954507448328,51.5518901630094],[0.00135120618809597,51.5518968421979],[0.00135300740980378,51.5518972610793],[0.00135839564075267,51.5518980674546],[0.00141824478102393,51.551904148057],[0.00142720144464952,51.5519049843305],[0.00151876479508873,51.5519155575033],[0.00155138549447966,51.5519190463292],[0.00172211320660119,51.5519259304465],[0.00175903680402416,51.5519271875008],[0.00187018194105953,51.5519314027338],[0.00189189358035809,51.5519329195206],[0.00189515189042118,51.5519258523003],[0.00192862396467125,51.551929775216],[0.00196400905411161,51.5519339361312],[0.00220140955998195,51.5519614368484],[0.00242868680900326,51.5519831757532],[0.00248391804096545,51.5519896944012],[0.0024762041678363,51.5520198535654],[0.00290692425254444,51.5520541185573],[0.00304900264509759,51.5520667050849],[0.00332148998018874,51.55209423259],[0.00334313071826367,51.5520941325405],[0.00337007245273217,51.5519683503806],[0.00337588977898859,51.5519356165936],[0.00346092478766897,51.5519437827742],[0.00354513750647325,51.5519521428006],[0.00359865025817632,51.5519574313224],[0.0035977976752696,51.5519596940601],[0.00370733542315772,51.5519705877969],[0.00370819445629905,51.5519685048014],[0.00374713376642998,51.5519723346479],[0.00383580703955916,51.5519793592487],[0.00387652475991057,51.5517990410842],[0.00398420030382093,51.5518081687606],[0.00484843564402603,51.5518834717969],[0.00512373830547921,51.5519101385238],[0.00511109818108003,51.5519715776826],[0.00516270998356601,51.5519768980065],[0.00522061903202179,51.5519821105897],[0.00524774284239309,51.551984973003],[0.00525003318822568,51.5519748647392],[0.00525825297352374,51.5519373254427],[0.00528019968088372,51.5518413849835],[0.00527373291672519,51.5518160535602],[0.00541486520903342,51.5518287424317],[0.00559124856381691,51.5518425366416],[0.00558411124284333,51.5518641449247],[0.00565073701336214,51.551862016729],[0.00574885458103862,51.5518593487711],[0.00575926890564296,51.5518284246608],[0.00577302239623392,51.5517923184956],[0.00578542363245936,51.5517660347727],[0.00580232414391761,51.5517203461292],[0.00581842345887437,51.5516780866059],[0.00582588823670904,51.5516612370178],[0.00582733136722524,51.5516534813309],[0.00582876260016387,51.5516454551683],[0.00582919911433626,51.5516364577323],[0.00583068533470213,51.5516269927017],[0.00583197435395253,51.5516157334117],[0.00583326337265973,51.5516044741217],[0.00583389498599174,51.5515783018541],[0.00583496665332835,51.5515621012166],[0.0058352264351738,51.5515463641045],[0.00583558389696433,51.5515355694881],[0.00583605958721235,51.5515247737479],[0.00583536809158376,51.551509052913],[0.0058337425711048,51.5514937077666],[0.00583165042604899,51.5514650650576],[0.00583061909633556,51.5514416181441],[0.00582929245067344,51.5514331005103],[0.0058281288736883,51.5514255683801],[0.00582686151657277,51.5514183986315],[0.00582573351290123,51.5514116752325],[0.00580834975513434,51.5513246790846],[0.0057900183650525,51.5512350912749],[0.00578483099862432,51.5512198969992],[0.00576522893554334,51.5511635947953],[0.00575700854973134,51.5511416197872],[0.00574954441595852,51.5511152272314],[0.00573707073200367,51.5510776822555],[0.00571913806805803,51.5510404105346],[0.00567350348379525,51.5509438286441],[0.00564676395711027,51.5508901655855],[0.00561973607695153,51.5508299446068],[0.00559568168406194,51.5507724604747],[0.00556094588489012,51.550701942562],[0.00562429598629961,51.5506875540599],[0.00575761275068808,51.5506632473024],[0.0057700911664966,51.5506603359919],[0.0057844143068948,51.5506588328415],[0.00581340286809905,51.5506608538739],[0.00584240614651727,51.5506659312545],[0.00586801465860675,51.5506722357634],[0.00642229908681476,51.5508148626789],[0.00647521525094721,51.5508282507966],[0.00654792293547474,51.5508400420451],[0.00660786655058718,51.5508509726196],[0.00666491543580161,51.550858267521],[0.00672310883951305,51.5508672496103],[0.00682645930483536,51.5508808533162],[0.00768516907010004,51.5509956969975],[0.00826475202241837,51.5510752210485],[0.00905995288988442,51.5511790952111],[0.00912250900592783,51.551187192902],[0.00956875361992829,51.551247239774],[0.00953948615443175,51.5513009628085],[0.00948707177163318,51.5513988643302],[0.0095113975944766,51.5514192141016],[0.00957742201986434,51.5514655500735],[0.00963222203226475,51.5515027287554],[0.00969450269245963,51.5515450830409],[0.00974009674671672,51.5515757667218],[0.00983206042241822,51.5516385595607],[0.00987024657418098,51.5516468948232],[0.00987307182859126,51.5516489137978],[0.00996275383537795,51.5517192967989],[0.0100139569610728,51.5517558184624],[0.0100983713096174,51.5518092101088],[0.0101495341953608,51.551847530038],[0.010239693073094,51.5519071161475],[0.0102841187776987,51.551932875485],[0.01028425342339,51.551935929784],[0.0103287377347593,51.551965733002],[0.0104276473680662,51.5520187868024],[0.0106365706611887,51.5521366594544],[0.0106827916031265,51.5521626567313],[0.0106910936273921,51.5521675493281],[0.0108251935838784,51.5522445419878],[0.0108114193065551,51.5522585325497],[0.0107706450344699,51.5522967205929],[0.0107049547670145,51.5523605082703],[0.0106920643932408,51.5523729558022],[0.0100170711897118,51.5530352346338],[0.00985295857877428,51.5531974434804],[0.00985113202590281,51.5531964856034],[0.00963663597777898,51.553402889111],[0.00964307736283784,51.5534060151457],[0.00963804656485483,51.5534132937238],[0.00977628572812473,51.553503252388],[0.0106607328630576,51.5540763968308],[0.0107702795671383,51.5541467082813],[0.0107999075638918,51.5541658886195],[0.0108444903171169,51.554195151295],[0.0108528337631207,51.5542009415377],[0.0110246246258628,51.5543126178294],[0.0110329864904882,51.5543188573767],[0.0111387168185376,51.5543861773486],[0.0112087746801486,51.5543188982127],[0.0112130741553997,51.5543138802809],[0.0113401367461163,51.5541907830704],[0.011347125504802,51.5541847297984],[0.011450106655116,51.5540873087407],[0.0114552377337526,51.5540822756312],[0.0115850294523879,51.553959042289],[0.0116326616312647,51.5539145331519],[0.0116390834014837,51.5539172097809],[0.0116446259132032,51.5539188223778],[0.0117655706779967,51.5539616976232],[0.011818578493912,51.5539797570634],[0.0119312845195981,51.5540191773618],[0.0119605402876153,51.5540299124886],[0.0120247166052996,51.5540530840269],[0.0120375325147033,51.5540578091288],[0.0120686697184975,51.5540680623033],[0.0121620440051188,51.5541006218509],[0.0122206185235909,51.5541208337269],[0.0122746111542699,51.5541395945719],[0.0123323540795673,51.5541598206672],[0.0123927474211946,51.5541808096765],[0.0124504878855633,51.5542009449303],[0.0125035121076471,51.5542193634878],[0.0125310452981051,51.5542287800447],[0.0125630713869644,51.5542402768021],[0.0126216462182299,51.5542604875744],[0.012682043789248,51.5542815662898],[0.0127370263498648,51.5543012091938],[0.0127937959897319,51.5543209122141],[0.0128469455316863,51.5543394183923],[0.0128523922991535,51.5543415721366],[0.0129129255860866,51.5543630081102],[0.0129677728367503,51.5543822935234],[0.0130245585429159,51.5544023558636],[0.0130768750937526,51.554420875343],[0.0130786938281186,51.5544216534511],[0.0131372651872714,51.5544417749998],[0.0131968116966058,51.5544624184335],[0.0132562360954741,51.5544829740076],[0.0133065881591454,51.5545000891955],[0.0133661308515119,51.5545206426827],[0.0134137302689729,51.554537356367],[0.0134229247968156,51.5545408836438],[0.0134833111960135,51.5545616923609],[0.0135392577115211,51.5545815890139],[0.0135932460461695,51.554600260302],[0.0136564224911121,51.5546222790808],[0.0137076621128255,51.5546406378254],[0.0137260249974252,51.5546470650936],[0.0138185486370197,51.5546791883097],[0.0138743678636228,51.5546989071371],[0.0139275326677101,51.5547177713739],[0.0139823663682629,51.554736697741],[0.0139888827720469,51.5547388330564],[0.014045549721778,51.5547588969456],[0.014105078640846,51.5547790905898],[0.0141654735973128,51.5548000786643],[0.0142241456606149,51.5548197474106],[0.0142799652301786,51.5548394660403],[0.0143119564509063,51.5548501535821],[0.0143413116869906,51.5548604376755],[0.0143989342114565,51.5548805740026],[0.0144548536782459,51.5548998403003],[0.0145144172468593,51.5549208424829],[0.0145628517256617,51.5549376312803],[0.0145729898639261,51.5549409632974],[0.0146415864136918,51.5549645070841],[0.0147185727488058,51.5548899144277],[0.0147831006273964,51.5548213801772],[0.0147891574909284,51.5548157914494],[0.0148158599784266,51.5547875532574],[0.0148504808516173,51.5547527959656],[0.014946099578619,51.5546530703345],[0.0150495648075316,51.5545452089687],[0.0151081698692204,51.5544853166299],[0.0151384728250681,51.5544551279714],[0.0151720633868845,51.5544212875161],[0.0151910724845752,51.5544019915806],[0.0151997073567627,51.5543928531597],[0.0152358733678593,51.5543553722391],[0.0152686121957784,51.5543210958639],[0.0152987556269806,51.5542900115352],[0.0153315737936757,51.554257532311],[0.0154531980045745,51.5541327262802],[0.0154575367104021,51.5541286067768],[0.0154919932764152,51.5540928628706],[0.015521284860939,51.554061343493],[0.015579952724647,51.5540001908192],[0.0155859895628545,51.55399415365],[0.0156152064796302,51.5539636238253],[0.0156600651232516,51.553915654413],[0.015716941202306,51.5538570504238],[0.0157332765033698,51.5538391483737],[0.0157487438913331,51.5538231497074],[0.0158098638568362,51.553777147861],[0.0158677719612248,51.553701534389],[0.0159414494662785,51.5536140527273],[0.015946555209808,51.5536057833827],[0.0159490696593333,51.5536007959665],[0.0159506937857231,51.553597171864],[0.0159514261876838,51.5535949119988],[0.0159760622796715,51.5535603260272],[0.0159803437856545,51.553554947613],[0.0160057295657459,51.5535184611785],[0.016016656111781,51.5534993041076],[0.0160364856792759,51.553479724131],[0.016052110764663,51.553464621976],[0.0160718330733554,51.553442616715],[0.016173209599257,51.5533091672389],[0.016232205346282,51.5532554706888],[0.0162451023836037,51.5532432022604],[0.0162476842868455,51.5532397415319],[0.0162825705461537,51.5531922131732],[0.0164716313214911,51.5532692421277],[0.0167560201286116,51.5533799628945],[0.0169956828847895,51.5531517155898],[0.0170619016883071,51.5531806925888],[0.0171059708216277,51.553198274803],[0.0171169841054523,51.5532025798216],[0.0171554907525574,51.5532180994969],[0.0171921960125651,51.5532332005263],[0.0172106129699844,51.5532408843704],[0.0172381157632009,51.5532522787004],[0.0172647575893194,51.5532630574546],[0.0172794069768761,51.5532689185638],[0.0172904203334372,51.5532732244646],[0.0173206917507245,51.5532853795696],[0.0173757982281269,51.5533078049311],[0.0174290820607846,51.5533293632686],[0.0174400954456891,51.5533336691551],[0.0174823659431584,51.5533509215816],[0.0174952060143168,51.5533561843182],[0.0175364829914355,51.5533724655305],[0.0175906224643185,51.5533945477305],[0.0175898544031881,51.5533959997792],[0.0176430202443876,51.5534175600528],[0.0176990942507427,51.5534403283192],[0.017755036788931,51.5534628299415],[0.0177889445198859,51.5534765401164],[0.0177907860963074,51.5534751604128],[0.0178210855721208,51.553487943497],[0.0179558934997208,51.5535402829809],[0.018001758197006,51.553558102836],[0.0181770108033537,51.5536267365398],[0.0181787381573382,51.5536254487234],[0.0182099400261175,51.5536371379505],[0.0183017056396683,51.5536735861668],[0.0183650167319382,51.5536986566351],[0.0184714680770627,51.5537417744123],[0.0184455408632004,51.5537659552526],[0.0186402005799327,51.5538457611298],[0.0187448351570873,51.5538881006117],[0.0188917599472253,51.5539481412281],[0.0189169349102984,51.5539257717807],[0.0193015153829227,51.5540803401978],[0.0192781076203446,51.5541023195785],[0.0192845298519487,51.5541049957767],[0.0195672429644671,51.5542178960811],[0.0196241147602938,51.5542398403634],[0.0196928758982806,51.5542670644011],[0.0198221097825583,51.5543142829768],[0.0198957758632089,51.5543287462943],[0.0199707714018304,51.5543517279065],[0.0200505825755168,51.5543840652033],[0.0201516098268025,51.5544254764304],[0.0201717764255244,51.5544323212253],[0.0202028718913542,51.5544415846432],[0.0203546120714065,51.5544894039539],[0.0205119776269796,51.5545407222816],[0.020659214408872,51.5545888877125],[0.0209082985638741,51.5546754845256],[0.0210694265101358,51.5547311418726],[0.0212013522457626,51.5547773242526],[0.0213324000103509,51.5548251394113],[0.021522906995653,51.5548942245997],[0.0214504425467343,51.5549659562448],[0.0212841050859369,51.5551389176559],[0.0213216250132131,51.5551535537449],[0.0213988875073144,51.5551873729298],[0.0211237356336957,51.5554680238039],[0.0211211101667676,51.5554704961978],[0.0205587965901252,51.5560454882646],[0.0205535520924715,51.5560506136667],[0.02047332993888,51.55612985057],[0.0204776720910932,51.556128516752],[0.0204830943515962,51.5561274349964],[0.0204884237053242,51.5561268935036],[0.0204929398040007,51.5561268156623],[0.0205019919111386,51.55612710927],[0.0205101179473884,51.556127957501],[0.020756913018228,51.5561627207901],[0.0209329352491561,51.5561866562239],[0.0210852252465417,51.5562065060333],[0.021123381512003,51.5562113318956],[0.0211623257334677,51.5562151558637],[0.0211948087478902,51.5562181020306],[0.0212283479406574,51.5562207601967],[0.0212644994103348,51.556223283383],[0.0213006096067149,51.5562249080015],[0.0213476348714053,51.5562258956583],[0.0213953298012348,51.556225881654],[0.0214466732970092,51.5562249962702],[0.0214953447985324,51.5562228988658],[0.021536605111324,51.556219939155],[0.0215770337339186,51.5562169946719],[0.0216354272019898,51.5562114930797],[0.0216955797990323,51.5562054206588],[0.0218551749980411,51.5561861269183],[0.0219833896079752,51.5561699803314],[0.0221609427778848,51.5561479483848],[0.0223169872945024,51.5561290740698],[0.0223976435730067,51.5561186925708],[0.0224569084534201,51.5561113769947],[0.0225823697288661,51.5560948285155],[0.0225831866289787,51.5561132440342],[0.0225898885982768,51.5562026694844],[0.0225901675437312,51.556208957754],[0.0226086607879923,51.5564837366571],[0.022610310880441,51.5565021377986],[0.0226142485134641,51.5565480089986],[0.0226177799267726,51.5565686258505],[0.0226231926769838,51.5565887597071],[0.0226283703257587,51.5566035937334],[0.0226344714878205,51.5566177832358],[0.0226450129625387,51.5566328844182],[0.0226555305267251,51.5566474464511],[0.0226573973440317,51.5566493027039],[0.0227045727405953,51.5566938882752],[0.022714796906331,51.5567018034751],[0.0227267628381174,51.5567087884515],[0.0227490353130407,51.5567228787597],[0.0227730231400092,51.5567354107074],[0.0228107826091786,51.5567527391136],[0.0228355888843993,51.5567622902382],[0.022860388637976,51.5567716616165],[0.0229016332145911,51.5567871313161],[0.0229436911000997,51.556802138231],[0.0229720995348107,51.5568124365062],[0.0230004720994778,51.5568219260518],[0.0230151712272625,51.5568261669241],[0.0230315099448595,51.5568298408367],[0.0230623963711174,51.5568343428039],[0.023091297759051,51.5568369905573],[0.0231661541320125,51.5568352489977],[0.0232441780381091,51.5568271596364],[0.0233084287885798,51.5568115760384],[0.023384923281706,51.556787781171],[0.0234360465737498,51.5567631643211],[0.023495857873275,51.5567279695549],[0.0235376005092004,51.556692996737],[0.0235684772886468,51.5566570424263],[0.0235796818526784,51.5566468698193],[0.0235891831089046,51.5566358282452],[0.0235967656222017,51.5566244591862],[0.0236015991846081,51.556612778773],[0.0236032427436646,51.5566096038585],[0.023604864959076,51.5566032827703],[0.0236063490326239,51.5565965144324],[0.0236094188078547,51.5565236413369],[0.0236052340400722,51.5564508044474],[0.02360247597939,51.5563484540996],[0.0235988583371444,51.5562454900001],[0.0235981008062927,51.5562284214627],[0.0235973433160659,51.5562113538238],[0.0235969844715814,51.556203268396],[0.0235905766244184,51.5560990943842],[0.0235888383287197,51.5560599270542],[0.0235838258857676,51.5559871934756],[0.0235831680671498,51.5559723713888],[0.0235833619076068,51.5559579842345],[0.0235866833444404,51.55593095602],[0.023592736368608,51.5559038815494],[0.0236231590731244,51.5558389866808],[0.0236608959847729,51.5557754043638],[0.0237024511102916,51.5556960234025],[0.0237431888946023,51.5556170162421],[0.0237698567377072,51.5555693576965],[0.0237940094637364,51.5555239907396],[0.0239023853884627,51.5555271537111],[0.0242109128627774,51.5555325249649],[0.0248082509119992,51.5555438745013],[0.0249995379389366,51.5555473128829],[0.0251439584823206,51.5555506613721],[0.0251818592422748,51.5555497368002],[0.0252574149367349,51.5555477120128],[0.0253736108829006,51.5555448950637],[0.0253750252642633,51.5553946458455],[0.0253638647058823,51.5541472791829],[0.0253660429709083,51.5541347452931],[0.0253691142289524,51.5541235448782],[0.0253699284460443,51.5541204741917],[0.0253748770145134,51.5541113986873],[0.0253816843168035,51.5541013018694],[0.0253911248181651,51.5540916091872],[0.0253998028850818,51.5540834575376],[0.0254120361287654,51.5540750655026],[0.0254252739755983,51.5540678242591],[0.0254428881472946,51.5540600586587],[0.025454489182868,51.5540561720936],[0.0254704494302139,51.5540513109325],[0.0254838653941415,51.5540481124191],[0.0254981384292742,51.5540454386561],[0.025512593480741,51.5540441996784],[0.0255143750406715,51.5540441688932],[0.0255297336215684,51.5540445329862],[0.0255423992398068,51.5540458428818],[0.0255559444006916,51.5540482158018],[0.0257794413114655,51.5541048563797],[0.0258878604644088,51.5541304930774],[0.026037143750964,51.5541630635713],[0.0261962827698468,51.5541952845604],[0.0263408548789688,51.5542208345736],[0.0264905832497165,51.5542446774815],[0.0266339248662435,51.5542639553184],[0.0266412255724956,51.5542649981445],[0.0266937217749374,51.5542713718914],[0.0268368239863574,51.5542852597996],[0.0287700148821096,51.5544513082878],[0.0288034244103307,51.5544536967387],[0.0288304816010501,51.5544550260754],[0.0288820170394167,51.5544558426981],[0.0288926936888656,51.5544552082651],[0.0289419827068466,51.5544483318148],[0.0289875766606636,51.5544385526093],[0.0290571896337481,51.5544233226015],[0.0291276699522756,51.5544061899682],[0.0291535916552363,51.5544007071265],[0.0292233404328193,51.5543885312888],[0.0293568799897719,51.5543692286252],[0.0294097748111293,51.5543631879215],[0.0294690125586753,51.5543580274723],[0.0295086512230393,51.5543560821996],[0.0295473745561475,51.5543549621054],[0.0296457394429158,51.5543577544055],[0.0296908936312903,51.5543594896075],[0.0298247357228876,51.5543684092818],[0.0322714912881428,51.5545900523513],[0.0324265885108609,51.5546301562223],[0.0324293534220346,51.5546308267881],[0.0327782928003935,51.5547130578799],[0.0330927306802358,51.5547896833503],[0.0331100874464382,51.5547948659924],[0.0331274497044632,51.5548001393633],[0.0331348241739175,51.5548027982675],[0.0331465989609543,51.5548054707567],[0.0332723762663009,51.5548334951086],[0.0332823439987618,51.554835659374],[0.0332923212272706,51.5548380042276],[0.0333050899591907,51.5548416477562],[0.0335504723238939,51.5549032877662],[0.0337618627255133,51.5549548194484],[0.0338457498510388,51.5549743103662],[0.0339521421978083,51.5549970068195],[0.034063163399031,51.5550195338088],[0.0342359487127471,51.5550534839836],[0.0342897329075516,51.5550646869518],[0.0343415598096275,51.5550746657906],[0.0343779420895752,51.5550823947556],[0.0346280454569793,51.5551298356427],[0.0346616428056936,51.5551364447176],[0.0347779937005516,51.5551584279791],[0.0348507513858644,51.5551710098794],[0.0350049994031618,51.5551946729976],[0.0350632197140908,51.555204000042],[0.0351195508806808,51.5552136305457],[0.0351675855541728,51.5552212468462],[0.0351848665467968,51.5552247227881],[0.0351921931124157,51.5552263041713],[0.0352112104650093,51.5552286708272],[0.035243888027613,51.5552333173121],[0.0352920569805457,51.5552412909399],[0.0353701104729344,51.5552526114964],[0.0354154127593432,51.5552576681601],[0.0354298460023188,51.5552585865339],[0.0354352177562815,51.555259032799],[0.0354651282336569,51.5552603109439],[0.0354767950054769,51.5552605579433],[0.0354867783169011,51.5552603845447],[0.0354993964294603,51.5552606150181],[0.0355110431454817,51.5552604127258],[0.0355596301696804,51.5552564222454],[0.0356305632821783,51.5552521335199],[0.0358131878070712,51.555242668051],[0.0359059426956918,51.5552396178676],[0.0359760801516505,51.5552361521001],[0.0361083579341124,51.5552285500363],[0.0365310020856907,51.5552058330735],[0.0366993253650213,51.5551984123864],[0.0367838423125269,51.5551946962259],[0.0375475969907194,51.5551558874683],[0.038393919204711,51.555109704147],[0.0396604062568142,51.5550439760428],[0.041457664301518,51.5549506494422],[0.0414729533372888,51.5549520908313],[0.0414875208705465,51.5549533658313],[0.0415763539719225,51.554963685151],[0.0416217129069974,51.554969997428],[0.0416542606143565,51.5549743746182],[0.041686938592719,51.554979019313],[0.0417188130455786,51.5549843074919],[0.041726008077816,51.5549856209807],[0.0417470073217515,51.5549897506074],[0.0418499002162486,51.5550139389158],[0.0419581453295579,51.5550354277737],[0.0419854154228384,51.5550388185997],[0.0420143287912838,51.5550417311473],[0.0420188768871941,51.55504237042],[0.0420613099308978,51.5550444178836],[0.0421046500870589,51.5550454612196],[0.0421497129115909,51.555045125605],[0.042195669288045,51.5550435154139],[0.0424232495696994,51.5550313685797],[0.0430571310011558,51.5549928986295],[0.0452886223237972,51.5548730624425],[0.046221310443953,51.5548248652345],[0.0462403657405972,51.5548254317907],[0.0462556508341939,51.5548267827],[0.0462665543787571,51.5548285707257],[0.0462775143320788,51.5548316158572],[0.046286759776377,51.554836218801],[0.0462913845152431,51.5548385652014],[0.0462979495199563,51.5548443849111],[0.04630092167221,51.5548496369623],[0.0463042390615854,51.5548626149889],[0.046304428488547,51.5548668364955],[0.0463048195194856,51.5548755508784],[0.0463025703058553,51.5548863779079],[0.0462950903272718,51.554942337578],[0.0462913980051657,51.5549793525387],[0.0462852778231268,51.5550046320315],[0.0462765696623904,51.555030585309],[0.046276614014904,51.5550315737418],[0.0462683278730639,51.5550483505979],[0.0462635002151901,51.5550600319997],[0.0462584199017158,51.5550687510905],[0.0462535076074845,51.5550785463823],[0.0462484353541705,51.5550874451877],[0.0462409231566654,51.5551002525978],[0.0462325065659957,51.5551141549338],[0.0462233241883038,51.5551295085878],[0.0462166583584404,51.5551426609294],[0.0462073308609026,51.5551547806097],[0.0462047672434377,51.5551586014453],[0.0461980530213355,51.5551706754954],[0.0461938635783438,51.555178031008],[0.0461879676713721,51.5551871240472],[0.0461812400663787,51.5551962316076],[0.0461669289674302,51.5552192269515],[0.0461609726126765,51.5552269730248],[0.0461550121838013,51.5552346283417],[0.0461447655725879,51.5552474834869],[0.0461380205497644,51.5552588395463],[0.0461244093737218,51.5552762480315],[0.0461158530870832,51.5552870062181],[0.0461082345547196,51.5552974773482],[0.0460988009378446,51.5553098695536],[0.0460920557296879,51.5553186177034],[0.0460825938419901,51.5553303800062],[0.0460697808373048,51.5553443590859],[0.0460645714839486,51.5553502036251],[0.046055922441796,51.5553588950838],[0.0460439491835966,51.5553730393549],[0.0460258905082491,51.5553920542496],[0.0459442596521949,51.5554813137842],[0.0458402229441972,51.5555934400756],[0.0457533926046313,51.5556888135923],[0.045324229439085,51.5561495912134],[0.045233789425709,51.5562440380684],[0.0449740750894281,51.556526368083],[0.0449595709466932,51.5565424430706],[0.0449423284627724,51.5565610847158],[0.0449310653921687,51.5565725186252],[0.0449173003408022,51.5565865141688],[0.0449026618821703,51.5566022326798],[0.0448898642545732,51.5566165701516],[0.0448289222889372,51.5566872178287],[0.0448228702608759,51.5566928072221],[0.0448143671454169,51.5567021255225],[0.0448091494655371,51.5567077911848],[0.0447971835043085,51.556722114134],[0.0447920558683064,51.5567297557372],[0.0447869563423161,51.5567354184374],[0.0447783914233829,51.5567459968026],[0.0447741452067149,51.5567520942534],[0.0447401673239025,51.5567980871316],[0.0447317191925271,51.5568112704625],[0.0447258993540676,51.5568220707133],[0.0447166074006495,51.5568349989815],[0.0447081833913602,51.5568487205571],[0.0446569793923422,51.5569323240946],[0.0446519564288071,51.5569423010879],[0.0446393491534494,51.5569635578489],[0.0446302021568222,51.5569797200816],[0.0446244265545485,51.5569915078607],[0.0446193819908545,51.5570010355898],[0.0446144369620434,51.5570101128424],[0.0446103034748496,51.5570187253985],[0.04460610959007,51.5570259909902],[0.0446003863139645,51.5570389460171],[0.0445955419641248,51.5570502688082],[0.044590541708133,51.5570607849686],[0.0445830433788653,51.5570739508167],[0.0445789461418472,51.5570833720891],[0.0445740614920277,51.5570937963039],[0.0445699803676607,51.5571035770061],[0.0445585459417107,51.557129758425],[0.0445511831784612,51.5571485864579],[0.0445480398906298,51.5571580810148],[0.0445439466685036,51.5571675921432],[0.044539275457944,51.5571827770076],[0.0445057520034857,51.5572813552477],[0.0444975695487079,51.5573004673581],[0.044487267634099,51.5573306739631],[0.0444774107895896,51.5573522424317],[0.0444788466974616,51.5573657029559],[0.0444789131633885,51.5573857503],[0.0444790581633608,51.557388984272],[0.0444800308705217,51.5573921138774],[0.0444801678128058,51.5573951681344],[0.0444812561344223,51.5573982057952],[0.044479694527824,51.5574031772668],[0.0444788760617671,51.5574061582626],[0.0444728587179396,51.5574125563786],[0.0444685157492617,51.5574164981347],[0.0444624098078552,51.5574209202833],[0.0444580144623356,51.5574236938913],[0.0444474728837232,51.5574299910717],[0.044442290116798,51.5574337676207],[0.0444265810148711,51.5574654174577],[0.0444240734897825,51.5574704953567],[0.0444191470371353,51.5574800210135],[0.0444098494341328,51.5574954664275],[0.0444065852728171,51.5575022661526],[0.044394868729886,51.5575221593228],[0.0443872952093813,51.5575336187366],[0.0443804030002292,51.5575417407357],[0.0443744782457528,51.5575502046704],[0.0443711188682796,51.5575548486874],[0.0443591203293204,51.557568452726],[0.0443548377668339,51.5575737423403],[0.0443496279520169,51.5575795867961],[0.0443402551735764,51.5575907178798],[0.04433766968699,51.5575940894075],[0.0443299431332903,51.5576021360288],[0.0443213281693542,51.5576116360912],[0.0443066650205138,51.5576268153744],[0.0442954769091781,51.5576372595952],[0.0442850439909961,51.5576459820145],[0.0442780726181701,51.5576523068315],[0.0442527751671745,51.5576717174464],[0.0442432237331295,51.5576788966133],[0.0442344933936803,51.5576857916744],[0.0442257267956059,51.5576918780171],[0.0442169305547144,51.5576973353816],[0.0442056175658308,51.557704994909],[0.0441958915176448,51.5577109181283],[0.0441818574940705,51.5577188939968],[0.0441686981184298,51.5577278447131],[0.0441424359042273,51.5577443045119],[0.0441291893333153,51.5577512783331],[0.0441151095740994,51.5577582666843],[0.0440983933718184,51.5577674583831],[0.0440957166909712,51.5577687640556],[0.0440763519962223,51.5577798904261],[0.0439893026892946,51.5578280676172],[0.0433739529979693,51.5581402390073],[0.0432284070200271,51.5582128993747],[0.042938349674996,51.5583600908732],[0.0431114208478949,51.5584583937571],[0.0431045176018219,51.5584662451798],[0.0430986166972562,51.5584752490888],[0.0430936133683492,51.5584830673914],[0.0430782813466026,51.5585045513004],[0.043056657964315,51.5585449352693],[0.0430442482252316,51.5585705939355],[0.0430165184424885,51.5586552253502],[0.0428824353226194,51.5590421611565],[0.04288955855193,51.5590418571469],[0.0428728615375823,51.5590913247849],[0.0428410009925296,51.5591846578448],[0.0428346127586221,51.5592040081819],[0.0428242932424215,51.5592338558782],[0.0427888646227882,51.5593298580904],[0.0427546851412066,51.5594324922193],[0.042747368449682,51.5594497004814],[0.0427320840674153,51.559490871979],[0.0427288839217694,51.5594991093147],[0.0426987189453074,51.55959043527],[0.0422391858715327,51.5608884361969],[0.0421946797367966,51.5610208269948],[0.0421713953861671,51.5610852427108],[0.0421451212209662,51.5611625655742],[0.0421259026406821,51.5612168413155],[0.042108329044881,51.5612680317748],[0.0420299136818906,51.5614905553434],[0.0421890217878023,51.5615398358498],[0.0425099617237899,51.5616380798958],[0.0427403136541641,51.561708323909],[0.0427861664119236,51.5617255057326],[0.0430970224309912,51.5618189788788],[0.0433520042209124,51.5618946367911],[0.0435008942993179,51.561938789806],[0.0438226554600582,51.5620366563635],[0.0445394526860569,51.5622561014204],[0.0450432031365765,51.5624092267712],[0.0457764176077146,51.5626310750318],[0.0468012350233142,51.5629436629519],[0.0472335019886302,51.563072854063],[0.0478396809371977,51.5632574420892],[0.0481359748975985,51.5633493591023],[0.0484175438007142,51.5634338918503],[0.0485564824413474,51.5634760561538],[0.0486936541457413,51.5635186117559],[0.0488445597549743,51.5635649731612],[0.0489944898713013,51.5636108109451],[0.0491252248585887,51.5636504218327],[0.0492577368188474,51.563689821677],[0.0496298277484195,51.5638030692336],[0.0497405646085221,51.5638370954255],[0.0499736921804277,51.5639076398633],[0.0500541100334241,51.5639314069941],[0.0501273569810089,51.5639570979325],[0.0502242206858808,51.5639841728276],[0.0502982173237398,51.5640053550931],[0.050344893128288,51.5640221605515],[0.0503832836405994,51.5639526250868],[0.0504352171290029,51.5638456329162],[0.0505246440058306,51.563667683856],[0.0505387657897561,51.5636404660403],[0.0505519375178546,51.5636132657286],[0.0505694412100936,51.563579246051],[0.0505858994279903,51.5635457851081],[0.0506057718454513,51.5635062402574],[0.0506246806262774,51.5634664433655],[0.0506452661129702,51.5634215821354],[0.050665727858299,51.5633766331374],[0.0506765064299968,51.5633544188447],[0.0506862930981084,51.5633313235171],[0.0506942518860511,51.5633072700424],[0.0507012485079381,51.5632829645041],[0.0507053612557932,51.5632739025843],[0.0507128588956486,51.5632607356673],[0.0507195232358063,51.5632475833167],[0.0507322078921142,51.5632307295344],[0.0507460026898805,51.5632147556167],[0.0507511048707647,51.5632091826619],[0.0508275016101263,51.5631224405396],[0.050965286898071,51.5629591087349],[0.0509994615524585,51.5629175161272],[0.0510346104645242,51.5628764460396],[0.0510544020692919,51.5628536244968],[0.0510731022780757,51.5628303723963],[0.0510884215488135,51.562808618241],[0.051103633274061,51.5627871357458],[0.0511220706074135,51.5627553478442],[0.0511405226445272,51.5627239193915],[0.0511572589751942,51.5626966557888],[0.051174137799695,51.5626699301549],[0.0511927973070997,51.5626430825572],[0.0512114715222956,51.5626165944084],[0.0512250467272694,51.5625983769935],[0.0512377320394741,51.5625789161558],[0.0512435026759821,51.5625670383838],[0.0512492975259922,51.5625556988524],[0.0512582979615713,51.5625363033429],[0.0512692134746413,51.5625171432291],[0.0512793471999292,51.5625017719297],[0.051289337043682,51.5624858644811],[0.0513038986220199,51.5624684391551],[0.0513176323528558,51.5624511173309],[0.0513399175629456,51.5624255552203],[0.051362166401842,51.5623991852956],[0.0513774789027368,51.5623799482851],[0.0513946984241974,51.5623607678527],[0.0514494372187598,51.5622950810241],[0.0514834492633811,51.5622498949318],[0.0514930137947831,51.5622403779391],[0.0515015193023178,51.5622311492471],[0.0515117944031554,51.5622189229091],[0.0515238447383398,51.5622064856712],[0.0515360577591304,51.5621950347867],[0.0515489843519196,51.5621835705229],[0.0515542140668904,51.5621781751582],[0.051559340256433,51.5621731404133],[0.0515629240782344,51.5621708304581],[0.0515698901979957,51.5621670225175],[0.051578787602135,51.5621638102929],[0.0515885720048108,51.5621618415369],[0.0515975851840539,51.5621612342768],[0.0517768754899468,51.5620982242219],[0.0518187040586699,51.5620840071563],[0.051858631105671,51.5620698242336],[0.0518879218906929,51.5620598722602],[0.0519171736640673,51.5620490216895],[0.051944646148239,51.5620382921608],[0.0519712382991056,51.5620264997963],[0.0519994738767685,51.5620142290436],[0.052027831658119,51.5620020451746],[0.0520914005738003,51.5619739631435],[0.0521180154335592,51.5619627090131],[0.0521454433694195,51.5619509919169],[0.0522259073359396,51.5619150621814],[0.0523309362232132,51.5618645876672],[0.0523839316883272,51.5618394773004],[0.0524367386734154,51.5618128414447],[0.052480939283035,51.561793188811],[0.0524942061824942,51.5617866635895],[0.0525073896118675,51.5617782522543],[0.0525124995118094,51.5617728589439],[0.0525252042808482,51.5617538472663],[0.0525360786318068,51.5617337884858],[0.0525452360514054,51.5617178954973],[0.0525561782119826,51.5617019712818],[0.0525682088444123,51.5616864776571],[0.0525742216641545,51.5616799894196],[0.052590695175012,51.5616654063582],[0.0526080571745268,51.5616520676294],[0.0526264298014034,51.5616400583251],[0.0526458322022262,51.5616297396173],[0.0526652574253229,51.5616199600704],[0.0526865508971633,51.5616120363026],[0.0527123326424827,51.5616034036072],[0.0527453310986216,51.5615965331008],[0.0527811695112363,51.5615919509991],[0.0528180549698242,51.5615895070196]]]},"properties":{"OBJECTID":1,"Id":null,"NAME":"London Borough of Newham","Area_Ha":3858.0418460801111,"Shape__Area":38580418.460746765,"Shape__Length":31786.931891159227}}]}